1546,39.4,31.45,35.9,34.31,36.81,35.78,36.71,31.28,37.0,29.55
1460,38.43,31.38,36.14,33.71,37.08,35.67,35.76,29.15,39.11,30.7
1471,41.63,32.16,36.23,34.31,35.95,35.08,36.33,31.02,38.57,29.58
1488,42.61,32.41,36.7,33.54,35.07,34.9,37.96,31.57,38.33,28.45
1494,41.33,32.35,35.38,34.27,35.21,34.68,38.71,29.35,38.71,29.37
1521,41.1,30.94,34.61,32.77,33.97,36.02,37.72,29.46,36.56,31.01
1484,41.06,30.47,33.45,32.3,33.24,36.17,37.85,31.15,33.07,31.95
1375,39.23,31.29,32.3,29.58,33.76,37.14,36.2,31.88,32.17,30.77
1266,40.61,30.99,31.23,30.7,32.94,36.08,35.3,32.18,31.66,31.11
1268,40.5,30.35,30.19,30.88,33.31,34.59,35.05,32.29,30.7,31.79
1239,39.55,30.82,30.27,31.6,31.66,34.5,36.15,32.33,32.36,32.51
1306,39.15,31.81,29.16,31.17,31.88,33.66,35.97,33.52,32.83,32.43
1234,37.24,32.72,30.11,31.78,31.93,34.34,35.91,34.76,33.75,33.39
1286,35.74,33.07,30.2,32.87,32.44,34.92,34.8,32.45,33.56,34.74
1327,37.35,34.45,29.26,34.71,31.35,35.78,36.02,33.47,34.83,36.39
1399,37.76,33.98,28.82,33.6,32.83,37.33,35.09,33.33,35.76,35.05
1324,36.75,33.74,28.48,32.56,33.13,36.69,35.77,34.57,35.14,34.55
1238,39.91,32.93,27.6,31.43,33.37,37.93,34.82,35.5,36.09,34.53
1294,40.15,32.99,29.34,30.89,34.86,37.76,34.61,37.18,35.07,34.57
1279,39.69,32.1,29.31,30.13,35.88,37.81,34.61,38.93,33.79,34.16
1405,40.67,34.88,29.56,31.82,37.91,37.48,36.19,40.39,34.69,34.17
1488,40.96,34.86,30.57,31.44,36.76,37.77,36.14,40.35,32.8,34.31
1470,37.28,33.76,29.1,32.41,36.81,38.75,35.14,39.68,33.72,33.98
1469,37.67,34.66,29.74,32.05,37.53,36.2,33.74,39.79,34.93,37.08
1474,37.49,35.18,30.79,31.11,37.19,35.57,31.11,40.63,34.46,36.75
1523,36.34,32.9,31.62,31.97,37.25,32.93,32.23,40.83,36.77,35.9
1658,35.94,32.89,32.76,33.35,36.2,32.86,32.1,39.55,39.18,35.36
1755,36.56,32.75,33.46,34.99,36.9,33.14,32.63,38.0,39.29,36.97
1808,34.66,33.58,35.89,33.86,36.21,35.93,32.09,38.91,38.73,36.59
1807,34.12,33.82,37.28,32.42,35.92,34.87,34.04,38.04,39.41,36.04
1805,34.56,33.15,38.26,33.37,36.89,34.83,34.73,38.88,38.14,35.18
1871,34.33,32.89,38.27,32.5,36.65,34.5,36.7,38.44,40.14,35.53
1904,35.48,32.54,36.89,33.01,36.76,34.81,37.13,38.64,38.71,36.3
1810,35.84,33.0,35.45,33.4,37.26,34.88,39.57,40.0,38.12,33.28
1766,35.62,33.0,35.55,32.15,37.27,33.32,38.35,37.21,35.97,32.59
1787,35.06,34.2,35.37,33.7,35.64,32.76,39.32,38.03,34.75,33.18
1762,34.84,32.88,35.48,34.0,34.85,34.64,38.05,36.95,32.62,32.99
1773,32.83,33.41,35.19,35.2,33.58,34.84,39.27,38.06,32.22,34.24
1694,32.32,33.94,32.28,34.48,32.53,34.5,39.58,37.78,31.94,33.32
1666,32.84,33.72,33.4,32.66,30.65,33.56,39.64,37.7,32.18,34.52
1655,31.29,32.98,33.93,31.19,29.76,31.9,38.12,37.17,32.91,33.41
1756,31.56,32.59,32.75,31.94,30.68,30.75,38.61,37.92,33.03,34.12
1723,31.82,31.91,32.73,31.28,31.48,31.07,40.5,38.3,32.81,35.88
1722,31.99,31.51,30.86,31.87,30.93,33.08,40.81,37.67,33.53,34.23
1686,31.01,30.67,30.3,32.82,30.04,33.77,40.98,38.0,33.15,33.43
1617,32.26,33.68,30.12,33.54,30.07,37.19,40.29,37.68,31.95,32.0
1567,30.55,34.53,28.57,33.96,29.65,35.81,39.76,37.86,31.86,33.45
1504,30.45,33.5,29.43,33.59,28.53,36.05,39.92,38.93,31.16,31.89
1583,30.21,32.34,28.12,34.54,29.84,34.98,38.9,38.61,31.6,32.06
1558,31.75,33.14,27.59,35.23,29.5,36.78,36.71,40.31,30.96,32.66
1499,30.03,33.1,26.97,35.01,29.19,36.65,36.22,39.68,29.57,33.56
1372,29.07,33.25,27.14,36.79,31.09,35.89,35.78,38.99,27.12,32.8
1399,27.73,33.51,27.99,36.04,31.17,36.07,35.06,37.23,27.89,32.08
1337,27.53,32.23,30.32,35.13,32.75,35.48,34.53,37.89,27.99,34.75
1343,25.83,31.17,31.3,35.32,32.2,35.44,34.31,39.95,27.64,33.9
1441,27.51,32.33,31.79,35.35,33.89,33.04,34.05,39.35,27.52,35.8
1400,27.85,32.55,31.11,32.68,34.33,31.54,34.56,38.33,28.94,35.46
1522,28.81,34.03,31.71,31.91,35.17,31.61,33.87,36.08,29.16,35.54
1446,29.29,34.15,32.95,33.31,37.01,31.41,33.3,35.8,30.05,37.05
1404,29.27,32.7,31.9,35.15,38.04,31.46,34.9,35.58,29.05,37.59
1441,27.79,32.83,32.45,35.45,38.68,31.59,34.97,35.65,26.56,38.41
1467,26.53,32.4,33.92,34.51,38.67,33.1,33.17,34.08,27.08,37.19
1349,27.34,33.83,36.17,34.39,37.48,32.48,31.71,33.37,25.47,36.34
1294,27.1,33.56,37.11,35.99,39.8,32.94,30.86,32.58,24.8,37.07
1250,27.97,35.25,36.17,36.07,39.51,33.48,32.55,33.14,24.2,38.2
1291,26.75,35.06,35.73,33.94,41.29,29.47,33.41,32.73,25.13,38.54
1346,28.05,34.3,35.49,33.1,42.27,30.66,32.89,33.56,25.27,38.73
1230,28.47,36.21,34.65,32.34,42.18,32.04,33.49,32.53,25.7,38.67
1280,29.61,37.97,34.79,31.47,41.43,32.17,32.33,30.82,26.32,38.41
1399,28.65,37.69,34.13,32.15,42.02,31.3,33.25,29.98,27.96,38.46
1521,31.28,39.37,34.53,32.02,42.39,30.75,33.23,31.17,29.89,38.19
1575,34.32,39.86,33.89,31.2,40.63,31.06,32.53,31.01,30.88,39.73
1710,33.68,40.02,33.82,32.06,40.55,31.5,32.74,32.03,31.29,40.63
1800,34.7,42.05,34.32,32.82,37.78,32.55,32.98,31.74,31.19,38.55
1810,37.51,42.12,33.53,34.1,38.32,33.64,33.43,31.28,31.76,40.1
1878,34.63,40.64,33.82,34.48,38.34,34.49,35.65,30.05,32.54,38.43
1887,35.16,42.57,34.37,37.9,38.57,34.43,36.57,30.73,32.81,39.76
1996,35.6,41.01,34.94,39.06,39.36,34.2,37.25,31.5,33.05,38.71
1989,36.54,40.47,33.52,39.67,38.42,34.3,37.78,32.12,34.26,38.92
1983,35.28,40.55,34.59,39.98,37.66,34.81,36.23,32.73,36.35,38.0
1998,38.77,40.42,33.97,41.23,34.63,35.22,36.03,33.32,38.26,38.85
2052,40.14,40.81,33.22,42.38,33.77,34.17,37.65,33.96,37.76,39.65
2068,40.81,40.41,32.02,43.09,36.25,34.96,37.74,34.15,38.73,39.23
2097,39.91,41.28,32.99,42.17,33.83,34.58,39.34,35.45,37.88,38.8
2078,39.75,39.3,33.16,41.97,35.42,33.33,38.77,35.15,38.79,37.08
2029,41.14,40.03,34.33,43.88,33.47,35.26,39.4,35.37,39.12,36.34
2096,40.75,40.6,35.23,44.51,33.59,35.14,38.59,34.9,38.12,35.82
2016,41.12,38.25,34.92,46.23,35.21,33.76,38.25,33.83,38.2,37.95
1937,42.07,38.72,35.41,45.26,34.38,33.15,41.16,33.03,38.89,38.38
1829,40.78,38.66,35.8,45.36,33.49,32.16,40.67,34.44,39.0,37.72
1752,39.12,36.19,35.6,45.5,32.88,32.49,41.64,33.29,36.21,37.58
1753,36.37,35.12,34.69,45.67,34.52,33.9,39.66,34.12,36.94,37.76
1670,36.23,37.11,34.51,46.04,33.91,33.12,39.35,34.59,36.85,36.89
1641,33.7,35.79,34.31,45.15,35.26,34.4,39.37,34.03,38.59,38.66
1511,31.61,36.91,34.53,44.22,34.34,33.47,38.68,32.13,37.76,37.94
1476,32.0,37.0,35.14,42.97,33.27,33.14,37.16,33.37,36.2,37.46
1476,31.46,34.03,35.56,42.82,34.92,33.01,36.42,33.87,35.92,38.29
1453,30.93,35.9,34.52,42.49,35.7,32.34,35.43,34.58,36.45,40.46
1409,29.24,36.27,35.11,41.24,34.49,33.42,33.7,34.74,35.12,39.4
1392,30.49,37.97,34.27,39.25,34.27,33.62,34.42,33.94,35.03,39.09
1413,28.08,38.31,35.01,38.02,35.64,33.68,34.19,33.66,34.72,38.31
1363,27.38,38.56,35.08,35.85,37.43,35.0,33.99,34.51,34.93,38.45
1390,27.75,39.88,35.87,35.14,35.83,34.93,34.5,35.06,34.5,38.86
1435,27.56,38.66,34.08,35.11,37.54,34.24,35.19,35.81,35.45,38.85
1491,27.03,39.35,34.39,34.75,37.37,35.68,37.23,36.24,35.99,39.88
1527,26.57,39.09,34.13,32.64,37.66,35.63,36.72,35.47,35.84,42.12
1567,26.94,37.17,33.54,31.71,37.6,35.5,38.13,36.04,36.34,41.89
1525,26.77,37.54,32.47,31.51,37.48,34.71,38.21,38.23,36.6,40.6
1636,24.45,36.41,32.68,32.97,36.95,36.26,37.07,39.14,35.4,40.34
1681,25.43,36.85,32.39,32.63,36.56,39.45,36.96,36.73,35.11,40.59
1577,25.81,37.37,33.67,32.99,37.62,38.63,35.81,37.96,37.17,40.88
1566,26.66,36.43,33.92,32.59,37.04,38.66,35.3,37.98,38.0,40.66
1491,26.53,32.76,35.07,32.94,35.88,37.3,36.42,38.67,37.13,41.21
1616,27.75,33.4,33.81,32.66,35.78,34.87,34.71,40.22,34.95,41.27
1536,29.23,33.36,34.15,32.72,37.87,35.5,34.22,42.46,34.98,41.49
1401,30.25,33.17,33.08,34.41,38.01,37.95,33.69,41.37,35.45,42.19
1472,31.1,35.43,33.39,34.85,36.23,38.98,33.36,41.44,35.8,40.51
1453,30.82,34.06,32.87,33.55,35.46,39.81,34.39,41.59,34.69,39.25
1467,31.14,33.29,33.73,33.71,35.97,38.76,35.92,41.83,35.42,40.44
1437,31.86,32.81,34.5,34.95,35.59,38.93,35.9,42.14,35.03,41.3
1428,31.47,32.34,34.93,35.49,36.64,39.58,35.71,40.67,35.58,42.25
1433,33.35,32.44,35.37,38.29,36.59,40.15,35.87,39.7,36.8,41.61
1365,33.02,31.28,35.36,37.29,35.89,39.59,34.15,40.2,37.21,40.36
1334,32.41,32.42,34.24,38.52,33.85,40.6,32.42,38.7,36.76,40.44
1256,32.62,30.84,35.23,39.59,31.32,40.56,30.48,37.81,36.42,41.3
1304,33.93,28.51,35.68,39.91,31.7,40.57,31.78,38.17,35.09,39.56
1386,34.37,29.47,35.86,39.37,31.37,41.33,32.44,37.98,34.94,38.98
1336,33.73,29.44,36.85,39.45,30.78,41.93,31.58,36.29,34.49,38.37
1430,33.79,30.24,37.23,39.09,32.97,40.53,33.03,38.09,34.77,37.02
1420,32.95,29.42,37.53,39.14,33.95,39.36,32.63,39.32,34.56,38.43
1461,33.89,28.88,35.4,37.79,34.32,40.06,32.22,38.96,33.91,36.81
1560,34.46,31.61,37.25,38.99,33.81,39.54,34.27,38.52,32.24,35.94
1461,36.43,32.0,37.9,39.45,34.04,39.78,33.23,36.53,32.87,34.95
1435,36.95,32.19,37.9,40.27,33.72,39.2,34.48,35.48,34.84,33.84
1579,34.66,32.63,37.79,41.8,32.71,37.03,36.5,34.74,35.07,35.14
1484,35.42,33.12,36.56,41.71,33.25,34.63,37.95,36.2,36.68,34.66
1495,33.79,33.09,36.22,41.55,32.98,33.8,39.99,35.78,36.6,34.18
1442,32.07,33.04,38.12,41.36,32.38,33.38,40.73,35.75,37.02,33.98
1403,33.15,34.39,37.92,41.82,32.7,32.4,40.21,35.37,35.46,32.49
1533,32.64,34.51,38.09,43.34,34.14,32.65,40.66,35.01,35.39,31.97
1452,34.4,35.22,37.07,42.64,34.56,31.67,39.89,36.65,34.13,32.38
1526,32.62,35.77,36.15,42.43,35.37,29.76,39.7,37.18,33.14,32.42
1471,31.55,36.41,35.94,44.94,37.54,28.9,40.47,35.53,33.01,32.64
1538,33.0,34.05,39.12,43.83,39.02,29.51,40.47,36.3,35.17,32.15
1466,33.32,34.65,38.79,43.13,40.42,28.57,39.36,36.75,35.08,32.23
1483,32.29,35.05,38.26,42.81,40.62,28.41,37.94,37.23,35.9,33.13
1431,31.49,35.95,38.1,43.03,41.23,27.87,36.97,36.58,37.01,33.86
1320,32.51,35.59,37.86,42.21,40.65,27.08,37.73,36.57,38.34,34.68
1327,34.77,34.89,37.26,42.9,40.49,27.68,36.57,34.96,37.79,35.27
1283,36.45,35.1,37.57,42.31,40.8,27.74,38.41,36.71,37.31,33.15
1175,35.21,34.66,37.22,43.15,39.2,27.96,38.96,36.76,37.26,33.79
1193,36.04,32.91,35.1,41.4,39.47,27.97,40.17,36.14,39.19,33.82
1296,35.5,31.98,34.86,40.8,40.3,29.93,40.13,36.52,39.59,34.51
1263,36.48,32.55,34.87,41.71,38.59,30.13,41.15,35.76,40.45,34.79
1310,37.84,32.51,33.73,40.26,38.68,33.21,40.8,35.79,42.02,33.03
1335,37.7,32.37,34.69,39.6,37.42,34.09,39.91,35.19,39.94,32.72
1340,38.46,31.34,34.05,38.58,36.34,34.11,38.86,34.08,42.52,34.67
1431,39.81,33.15,31.8,40.07,36.41,34.1,37.58,34.7,42.2,35.15
1305,38.48,32.27,30.72,40.5,36.2,35.41,38.07,34.88,43.62,35.2
1436,37.77,33.18,29.56,38.24,36.25,35.06,37.1,36.91,43.1,34.45
1417,37.12,33.29,28.16,39.99,35.63,34.87,39.02,35.89,43.33,32.99
1445,36.84,32.82,28.67,39.8,35.03,36.24,37.33,34.95,42.24,32.72
1451,37.59,31.91,29.03,37.38,34.56,38.17,37.19,35.13,41.46,33.66
1458,36.98,33.43,27.23,36.85,32.4,35.94,37.5,35.65,38.45,35.31
1440,38.73,34.26,28.65,36.16,31.22,36.38,38.87,35.96,40.96,34.46
1424,39.14,34.25,28.63,36.27,31.85,36.22,40.56,37.09,40.98,33.66
1398,38.42,33.91,28.44,36.29,31.58,35.6,41.45,37.58,38.83,33.18
1373,36.38,35.22,28.08,37.96,32.18,36.89,41.22,37.45,39.1,33.35
1366,33.81,34.7,27.56,37.51,30.37,36.69,40.7,38.18,42.05,33.5
1384,34.2,35.07,27.31,37.6,29.34,37.41,38.76,36.47,41.01,33.34
1482,36.48,36.63,30.04,37.21,30.74,37.31,39.14,36.02,42.75,33.83
1379,34.79,37.23,31.12,38.07,29.75,38.97,37.52,35.52,41.36,34.0
1344,35.02,38.77,29.99,36.43,30.34,37.75,37.18,36.11,41.34,32.91
1307,35.25,37.81,29.66,35.36,31.81,39.34,36.44,36.66,41.08,33.69
1242,34.27,36.1,30.54,36.5,31.96,38.08,34.16,36.6,39.66,33.87
1181,33.25,36.01,30.53,35.65,32.98,38.64,33.36,36.34,41.23,33.23
1102,34.37,35.53,30.65,36.67,32.74,40.13,32.1,38.56,38.89,32.2
1097,35.39,32.95,31.19,37.57,32.77,39.27,32.91,37.3,39.24,31.05
1045,36.95,32.85,32.2,37.06,32.75,39.01,32.8,38.04,38.89,31.58
994,38.14,33.42,35.02,37.76,32.04,38.82,32.5,36.7,38.31,33.12
930,38.15,33.57,37.42,36.88,31.59,38.57,31.45,36.74,39.56,32.99
921,38.48,34.55,37.86,35.82,31.52,39.08,33.26,39.0,41.45,32.53
975,39.26,34.89,36.59,36.18,31.38,38.5,32.7,39.95,42.39,32.25
932,39.49,35.94,37.32,37.16,32.19,38.88,32.49,39.22,43.38,30.44
1066,37.82,36.08,35.97,38.01,33.65,38.39,32.47,37.19,40.27,29.55
1160,37.69,36.87,35.78,38.91,33.68,37.88,31.02,35.34,39.33,29.43
1238,38.87,35.99,36.44,38.75,35.22,38.19,31.04,35.76,38.97,29.21
1245,39.99,35.88,37.67,36.33,33.93,37.59,30.42,34.63,38.56,29.84
1261,40.8,35.62,37.66,35.97,34.42,38.12,30.03,32.45,37.21,30.29
1259,40.08,35.16,38.46,35.65,36.47,37.96,30.18,33.99,36.57,30.72
1268,38.23,34.74,36.97,34.23,35.56,36.94,28.72,34.34,35.25,30.49
1188,38.23,34.9,36.92,34.52,33.45,34.19,27.96,35.4,35.83,31.01
1213,38.66,33.82,37.12,35.74,32.45,34.41,28.74,34.93,35.45,31.51
1215,39.38,33.53,36.64,34.88,32.93,35.47,28.35,34.37,33.76,30.72
1183,40.55,35.65,37.25,33.95,32.48,35.1,30.29,34.33,36.42,30.52
1214,41.34,36.02,36.83,35.22,31.78,35.16,31.95,34.68,36.86,31.55
1264,40.54,37.92,37.1,34.54,32.31,34.53,33.49,34.47,36.25,31.44
1230,39.2,39.44,37.91,33.99,32.49,33.14,33.58,34.85,36.91,32.22
1221,39.3,38.35,36.51,32.54,34.07,33.08,33.73,35.29,37.92,31.6
1315,37.7,38.24,34.92,32.65,34.67,32.29,33.67,34.26,38.78,30.07
1214,37.7,37.35,35.09,30.72,33.97,32.76,34.19,34.85,38.76,30.8
1095,36.83,34.86,33.94,31.54,34.45,32.22,33.9,34.96,37.0,31.94
1136,36.19,33.72,32.54,32.14,34.28,30.86,34.24,33.27,35.75,32.89
1006,37.17,32.22,32.67,32.33,34.15,32.03,36.3,33.69,35.13,33.59
997,38.06,31.55,33.28,32.58,33.29,31.18,36.34,34.75,35.92,33.54
940,37.69,31.75,32.66,32.46,32.06,32.28,35.18,34.7,37.4,34.91
918,38.88,32.97,33.39,33.22,30.77,32.19,33.34,34.33,39.08,34.69
958,39.42,31.58,30.81,34.87,29.65,32.09,33.9,36.09,40.44,34.07
882,40.61,31.47,32.59,33.64,30.82,32.71,34.38,37.93,39.25,33.83
899,40.06,31.64,32.06,34.23,28.91,32.42,34.68,36.1,41.4,34.31
911,41.84,31.18,31.34,35.68,30.25,33.58,35.7,35.01,40.75,35.34
989,42.3,31.3,32.5,36.97,32.89,35.23,36.18,35.96,39.86,34.12
981,41.07,32.07,33.03,35.76,33.29,35.33,36.2,35.59,38.91,33.63
1084,40.22,33.12,33.19,36.46,34.06,33.23,36.59,36.75,40.66,35.34
1097,39.72,31.42,33.34,36.09,34.85,31.83,35.91,36.12,39.68,34.92
1164,39.0,30.55,33.34,34.85,34.48,31.07,33.53,36.36,38.59,34.64
1245,38.95,28.74,33.89,34.84,35.05,31.27,33.18,36.1,39.82,34.76
1343,39.92,28.39,33.64,34.86,35.77,32.91,31.38,36.45,39.35,35.58
1320,39.28,28.94,35.1,35.63,34.33,32.89,30.92,33.71,37.21,34.85
1407,38.68,28.09,35.63,36.15,33.84,33.84,31.14,34.02,37.27,34.59
1478,38.67,27.71,32.89,37.57,36.15,34.1,31.7,34.15,34.86,34.43
1458,37.87,28.47,33.17,38.48,35.6,33.61,30.95,33.41,35.31,33.32
1575,37.34,28.98,35.2,36.9,35.49,32.87,30.8,34.61,37.79,32.4
1616,36.91,30.47,34.57,35.71,36.67,32.37,28.42,32.92,36.94,31.99
1731,36.87,31.08,34.14,35.0,37.49,32.29,27.68,32.68,36.37,31.9
1839,36.19,30.53,34.22,35.31,38.44,33.2,28.61,34.62,35.74,32.47
1876,34.64,30.52,32.66,34.51,38.34,32.6,29.63,34.19,35.78,33.4
1848,34.77,32.37,35.26,33.11,40.37,32.59,29.4,34.19,33.82,32.61
1946,33.93,33.91,34.64,34.02,41.71,32.37,29.58,33.56,34.25,31.07
1962,34.31,32.77,33.57,32.49,42.18,32.17,29.92,35.14,33.35,31.48
1867,31.51,32.38,33.42,33.14,41.24,31.61,29.77,36.07,34.52,29.75
1967,31.1,32.24,32.82,30.55,39.74,31.27,30.44,34.92,34.07,30.68
1902,30.8,34.16,32.81,32.41,39.53,30.15,30.65,35.44,34.68,31.93
1906,29.34,35.38,33.69,31.79,38.49,31.48,30.62,35.32,34.19,31.86
1802,29.53,36.46,34.0,31.21,37.69,34.21,30.82,37.04,34.19,33.39
1675,30.8,37.0,33.52,31.52,39.72,35.23,32.23,38.49,34.45,32.1
1606,30.29,38.3,32.71,29.65,39.43,34.67,33.29,36.19,33.69,33.34
1548,29.65,37.78,33.37,30.21,38.08,32.55,33.53,35.62,33.48,32.76
1538,29.79,39.71,33.09,30.95,37.91,32.55,34.04,36.66,33.3,33.53
1556,31.47,38.69,31.55,30.99,37.55,34.56,33.85,37.29,32.38,34.74
1603,31.44,39.87,33.13,29.69,36.48,33.64,34.88,36.83,34.97,35.11
1604,31.92,39.73,32.68,26.91,37.2,33.15,36.0,36.73,33.98,36.14
1569,33.14,39.09,31.72,27.54,38.72,33.27,36.68,37.29,31.36,36.66
1486,33.35,37.97,31.33,27.79,38.77,33.94,38.43,37.24,32.72,36.74
1438,32.26,36.95,32.35,27.89,38.05,34.52,37.27,36.37,32.98,36.4
1423,33.73,35.38,32.77,27.35,38.8,31.73,35.53,35.2,31.62,35.5
1411,33.83,35.21,33.79,28.18,39.07,33.93,35.3,36.54,31.36,34.53
1382,34.56,34.7,32.74,28.14,37.64,33.65,34.71,36.21,31.36,33.47
1439,34.52,34.01,32.78,28.82,34.88,33.14,35.46,36.46,30.54,35.41
1439,34.17,34.36,32.45,29.85,35.45,32.3,35.43,35.64,31.6,34.15
1342,35.38,35.84,33.78,30.84,35.59,32.03,36.29,35.87,31.25,35.41
1320,35.07,34.53,33.78,32.17,37.71,32.23,36.66,35.89,32.11,34.56
1279,36.97,32.17,33.97,30.33,37.05,34.35,36.57,35.78,32.14,33.46
1367,39.11,30.15,32.82,30.74,36.84,33.1,38.13,36.17,30.27,33.91
1463,38.38,30.42,32.14,31.71,36.29,31.77,37.09,35.45,29.97,34.09
1488,37.26,30.49,33.33,32.02,33.29,31.94,35.81,31.5,29.57,36.17
1489,38.78,30.23,33.79,34.47,34.62,32.53,35.4,34.76,30.08,34.7
1537,38.16,31.24,32.09,34.05,35.4,34.99,35.7,34.48,30.4,33.43
1501,37.87,30.58,31.4,32.89,35.73,35.84,35.28,35.02,32.41,34.16
1434,37.78,31.45,32.5,33.35,37.22,35.3,34.6,34.76,31.95,33.93
1379,38.59,29.94,32.92,34.66,37.14,35.54,32.96,35.39,30.12,33.0
1291,40.63,29.18,32.72,34.47,36.04,36.41,33.54,36.21,30.93,32.49
1246,41.14,28.89,32.83,36.69,35.99,36.97,34.0,34.79,32.38,32.38
1209,41.56,29.02,32.08,38.31,34.82,35.79,33.17,35.79,31.04,34.07
1208,42.95,30.04,29.96,38.57,34.81,35.88,33.53,37.06,30.54,35.72
1220,41.22,31.23,28.81,38.04,32.11,39.47,36.57,37.89,31.84,35.17
1227,40.81,30.21,28.98,38.17,31.94,39.41,36.76,37.09,30.78,35.93
1159,39.29,30.26,29.69,37.76,32.2,41.15,38.61,37.09,30.97,38.29
1205,39.99,28.64,29.13,35.6,33.78,40.85,38.93,38.22,31.92,37.65
1230,40.85,30.18,30.77,35.74,33.41,40.91,38.1,37.8,31.17,38.54
1220,39.19,30.24,29.69,35.03,34.26,41.91,37.9,37.84,31.04,37.96
1280,40.43,29.64,28.61,34.46,33.32,42.14,37.65,39.28,30.61,39.19
1180,39.47,30.94,29.04,34.23,34.84,40.65,38.59,39.91,31.39,39.75
1117,38.7,31.46,30.01,34.98,35.12,42.36,36.8,39.61,33.97,38.41
1070,39.46,31.64,30.1,35.68,36.44,43.36,37.67,41.01,32.92,36.33
1124,40.05,31.88,32.83,34.83,37.0,41.66,38.61,43.74,32.97,34.83
1028,39.28,32.17,32.62,34.09,35.44,41.21,38.65,42.1,31.37,34.55
1080,40.42,30.82,34.53,33.01,36.26,41.46,38.78,41.67,31.57,35.77
1156,40.99,31.03,35.76,33.75,34.51,40.86,37.87,41.36,30.88,36.05
1099,39.76,32.02,36.09,33.59,34.84,40.97,39.33,43.55,32.47,35.28
1095,39.3,32.89,34.89,33.12,33.58,41.48,39.57,43.2,33.47,34.71
1225,38.8,35.02,35.26,35.49,33.33,41.03,37.36,40.86,33.32,34.33
1271,38.74,37.25,35.01,33.78,31.06,41.61,36.48,41.64,33.91,33.54
1166,37.43,37.14,36.81,31.6,31.87,41.21,36.04,41.05,35.97,32.92
1186,37.07,36.32,38.29,30.47,32.22,41.39,36.13,40.47,36.16,32.3
1094,38.52,37.47,38.7,31.38,34.9,40.64,35.45,39.89,35.84,31.65
1126,39.64,38.6,38.19,31.41,35.07,38.5,35.46,38.85,36.16,30.76
1042,41.06,37.23,37.28,32.08,36.06,36.33,33.71,38.74,36.95,30.74
1044,41.16,39.08,36.35,34.05,36.16,37.41,33.92,36.22,37.61,31.46
1047,40.26,38.45,36.85,33.59,35.11,37.95,33.51,36.41,39.76,31.72
944,41.88,37.43,38.14,33.87,34.63,38.51,32.01,36.42,38.8,31.71
1048,42.61,39.7,38.66,34.33,34.98,39.5,31.23,36.48,39.98,32.16
1077,41.1,41.09,38.9,34.7,35.14,38.87,31.46,36.38,40.38,32.39
1135,40.46,42.36,39.02,33.66,36.37,38.09,30.75,36.61,38.87,31.64
1176,40.1,42.31,38.48,32.69,36.75,37.26,30.85,35.18,39.98,32.8
1208,39.83,41.02,35.98,33.41,38.6,37.78,31.53,34.66,40.89,34.26
1196,40.52,39.01,35.98,32.97,38.79,37.78,31.36,33.48,42.27,34.92
1192,40.36,39.6,36.58,33.57,37.89,37.18,31.99,34.59,40.93,35.66
1290,39.29,39.0,36.61,35.17,39.74,38.2,32.92,34.14,40.54,34.8
1379,40.88,37.55,36.92,33.79,38.19,36.38,31.77,32.0,40.74,35.51
1332,41.19,39.16,38.81,34.42,40.01,37.03,32.12,31.04,40.07,37.75
1259,40.86,38.67,39.57,34.5,40.35,37.16,32.49,33.03,40.52,38.15
1279,38.99,37.83,39.99,34.65,40.15,37.42,33.68,33.1,40.01,39.28
1268,40.48,38.66,39.98,36.27,39.15,37.06,33.65,33.24,38.48,39.22
1278,38.46,40.01,38.66,36.4,39.09,37.73,34.71,34.12,37.62,40.46
1270,37.87,38.67,39.31,36.94,37.54,36.65,34.59,33.18,37.5,40.61
1328,38.1,38.88,40.25,37.7,37.27,37.32,34.2,33.96,37.52,41.75
1281,38.57,41.17,40.39,36.99,37.12,37.98,35.15,35.44,37.11,41.83
1292,38.06,42.25,42.53,36.48,36.67,36.65,35.26,36.7,36.52,42.8
1334,36.99,42.31,41.55,36.94,36.85,36.42,36.5,36.39,33.24,42.56
1265,37.06,41.98,41.43,36.47,35.48,36.35,38.08,36.04,33.33,42.41
1320,35.41,41.94,42.16,37.12,34.26,32.72,37.89,34.48,31.77,41.65
1243,38.05,39.24,39.42,36.04,32.18,33.55,35.32,34.23,32.3,41.35
1230,38.4,35.8,38.03,35.65,30.55,33.35,36.68,34.52,33.32,41.37
1275,38.35,34.29,39.66,34.51,31.16,32.12,37.58,34.79,33.3,41.31
1241,38.71,35.86,40.25,34.84,30.14,32.18,37.16,35.75,31.58,40.58
1135,36.06,36.09,40.69,34.51,30.91,33.2,35.98,36.41,31.5,40.19
1057,35.97,37.48,38.91,34.31,31.93,33.27,35.76,35.6,32.69,39.01
1016,33.8,37.12,38.89,33.42,33.13,32.89,35.07,35.22,35.8,39.98
929,30.68,38.31,37.89,33.43,34.12,33.61,35.16,34.23,35.41,41.84
952,30.37,37.82,37.27,33.7,34.6,34.12,33.5,34.96,36.55,41.32
973,30.6,36.99,37.33,32.44,33.79,34.0,34.69,35.81,36.63,40.68
929,30.67,36.64,37.41,31.96,34.78,33.83,33.87,36.63,35.86,39.54
1005,30.8,35.96,35.51,31.85,36.7,34.53,33.74,37.4,35.85,38.68
1061,31.44,34.93,36.63,32.73,37.75,32.96,35.14,37.5,38.18,35.88
1035,31.76,37.09,37.3,33.16,37.56,33.13,34.24,38.24,38.51,36.54
1158,32.02,35.9,36.5,30.81,37.85,32.17,34.56,37.68,39.35,35.09
1215,29.02,34.55,36.52,32.34,37.68,32.67,34.72,36.62,39.63,34.52
1187,31.08,33.66,34.59,31.14,37.31,34.36,33.5,36.54,39.01,32.27
1243,32.43,33.69,34.1,30.68,37.62,34.54,35.45,36.57,40.09,32.31
1123,31.97,33.67,34.53,28.54,40.32,32.58,35.7,36.27,41.88,32.47
1197,31.22,32.79,34.91,28.06,42.13,34.58,36.81,37.51,43.21,33.18
1140,30.45,33.73,36.71,29.39,42.37,34.3,38.18,37.11,40.96,32.3
1098,30.14,35.98,37.84,31.0,42.92,33.03,36.91,35.31,38.82,32.3
1057,31.37,36.96,36.34,31.97,41.69,34.97,36.61,35.05,37.07,32.56
1192,29.66,36.16,35.6,30.36,40.8,34.11,36.28,34.74,37.65,32.84
1246,31.21,37.31,35.07,31.29,41.91,32.43,37.11,35.7,37.39,32.95
1319,31.16,35.12,34.39,31.12,40.24,33.29,37.35,35.59,36.62,32.45
1342,34.28,35.79,32.75,30.98,38.6,32.78,36.65,35.61,34.01,30.05
1331,36.76,34.66,33.67,32.41,39.34,32.08,37.03,33.91,34.08,27.36
1397,36.54,33.61,32.85,32.57,38.1,30.91,39.49,33.25,34.11,25.27
1486,36.54,33.55,32.29,32.2,38.67,32.49,39.16,32.12,35.23,25.99
1500,37.1,32.09,32.59,32.11,39.24,31.98,38.53,31.31,35.22,25.5
1502,34.62,30.82,33.44,31.63,39.11,33.09,39.53,31.5,36.37,25.92
1605,37.04,30.65,33.11,31.47,38.17,34.02,38.1,32.49,36.06,27.73
1556,37.8,30.93,33.21,29.95,38.55,33.75,37.63,31.72,34.96,27.84
1559,37.01,29.64,33.09,31.31,38.09,35.11,37.57,32.39,36.06,29.28
1591,37.34,29.66,33.4,30.52,37.89,35.19,37.15,31.24,36.31,27.52
1537,35.51,30.67,33.26,31.26,38.02,33.8,36.85,30.98,34.72,29.14
1563,36.17,31.1,34.08,32.64,36.74,33.19,34.81,31.54,32.98,27.5
1480,37.91,33.22,33.17,34.95,34.36,32.31,34.51,31.33,32.39,27.94
1478,38.7,32.36,33.93,34.67,33.19,32.5,33.39,30.76,31.84,26.23
1541,37.21,32.84,33.24,35.2,33.22,33.0,33.69,30.43,32.62,27.86
1583,37.87,32.44,33.56,34.96,32.66,34.82,34.42,32.13,32.28,27.19
1502,37.3,32.04,34.84,35.64,31.6,33.81,34.49,32.17,34.4,28.66
1505,37.32,31.33,35.14,37.37,32.47,33.98,34.44,31.17,34.51,28.22
1391,38.25,32.03,36.93,35.63,32.17,35.18,35.07,30.9,35.53,27.87
1473,39.14,32.2,37.33,34.43,33.8,34.32,34.23,31.62,36.65,28.93
1532,38.04,30.71,39.32,33.84,33.94,33.37,35.37,32.14,35.67,31.39
1515,37.06,30.86,37.52,32.16,32.62,35.11,36.01,33.76,34.85,33.15
1500,35.97,31.0,37.06,31.51,32.93,35.58,34.28,33.23,32.71,35.27
1428,35.19,31.53,37.85,31.68,34.26,32.55,34.26,31.52,31.7,37.48
1467,34.47,33.27,38.06,31.93,33.55,32.72,35.17,31.54,32.23,38.76
1457,36.42,34.79,39.89,30.57,31.39,32.28,35.29,31.22,31.9,38.55
1418,35.92,36.49,40.29,30.2,31.57,32.5,34.83,29.79,30.58,37.74
1449,33.73,34.2,39.94,31.51,31.61,32.52,35.86,30.92,31.25,38.89
1409,32.79,35.92,41.36,32.03,32.07,33.13,36.22,31.39,29.88,37.95
1390,34.23,34.89,41.17,32.83,30.63,32.66,36.35,32.72,29.93,39.56
1409,32.66,35.57,42.42,33.05,31.43,33.91,36.29,33.05,30.79,39.19
1407,32.35,33.12,41.45,31.69,33.51,35.0,35.55,32.68,31.79,39.89
1434,31.13,32.3,40.46,31.3,35.05,37.04,36.56,31.74,31.46,38.74
1369,32.48,33.88,39.64,32.15,36.11,36.28,37.09,31.45,30.46,38.96
1390,32.44,33.23,40.51,31.97,36.6,37.32,35.97,31.41,31.52,37.45
1329,31.42,31.35,39.44,30.72,36.29,37.0,35.79,30.44,34.41,38.29
1274,31.34,31.65,39.34,30.19,37.01,37.27,34.35,30.78,32.23,36.58
1314,32.93,32.49,36.29,29.33,38.57,37.16,33.96,32.3,33.08,36.29
1339,31.64,31.48,36.05,30.08,37.9,37.02,33.57,32.24,32.16,37.01
1405,30.35,32.62,35.85,31.5,35.85,36.91,35.32,30.92,32.53,36.9
1338,30.32,32.86,35.41,31.07,37.22,36.97,34.2,30.82,33.73,35.89
1320,29.97,33.23,36.78,30.68,36.87,35.14,33.34,32.03,34.54,35.12
1279,31.69,32.62,37.86,30.98,35.4,34.37,34.79,33.63,35.21,32.96
1183,31.12,31.46,37.63,31.0,33.51,35.61,34.91,35.17,35.68,30.06
1129,32.38,30.75,36.2,31.27,33.64,36.51,34.82,37.21,36.66,29.23
1090,32.31,30.64,34.87,32.75,35.13,36.24,34.81,36.94,36.31,28.97
1099,31.83,29.3,34.36,32.12,35.09,35.93,33.86,37.44,36.48,30.16
1177,33.29,31.45,32.85,31.67,36.75,35.63,34.5,36.57,35.77,28.2
1186,34.4,31.97,31.71,30.89,36.74,37.01,33.98,36.59,36.38,29.56
1146,33.44,32.65,30.88,31.44,36.34,39.16,33.58,37.11,35.59,28.94
1246,33.38,31.82,31.12,33.05,35.3,39.38,33.3,36.3,36.04,29.23
1198,31.87,35.15,30.42,33.58,33.56,39.89,31.93,37.01,37.66,30.13
1130,32.0,35.7,31.15,33.17,32.45,38.37,30.86,37.34,37.08,32.08
1187,31.98,35.43,30.41,32.23,31.15,39.28,32.97,37.82,37.91,32.83
1233,34.28,35.73,29.09,31.84,30.69,38.38,33.52,38.15,37.37,33.18
1232,35.11,37.01,30.72,32.91,30.05,37.26,34.7,37.74,36.11,32.33
1302,34.94,36.48,30.68,33.63,30.42,38.62,35.51,37.39,38.25,32.34
1182,34.71,36.27,34.29,33.6,27.81,39.3,35.98,36.21,36.64,33.24
1104,37.0,37.07,32.94,33.46,28.15,39.5,35.79,35.75,38.05,33.35
1166,37.33,38.16,32.11,33.03,28.72,40.13,34.91,35.91,35.71,34.35
1211,38.07,38.74,31.47,33.53,27.91,41.15,35.31,34.62,34.72,33.28
1266,38.98,38.78,31.42,34.29,27.52,41.84,35.64,33.57,35.09,33.58
1318,37.05,38.91,31.02,33.48,30.25,42.38,34.18,33.05,35.42,35.89
1360,39.06,40.78,30.3,34.27,31.41,42.77,33.64,33.53,36.42,37.87
1457,38.79,42.23,30.33,34.29,30.68,41.29,32.81,30.98,35.33,38.75
1388,38.43,42.91,31.3,33.89,28.81,41.65,31.32,32.35,34.89,39.12
1309,36.43,42.26,31.05,34.7,27.87,41.53,33.31,31.44,35.84,37.83
1353,35.54,40.98,30.53,33.65,26.34,43.16,31.95,32.59,36.27,38.45
1396,35.27,41.1,30.48,33.06,26.13,40.77,32.67,31.91,35.13,36.67
1387,36.9,42.34,31.74,32.31,28.29,38.7,32.37,31.21,34.19,35.01
1423,38.12,40.44,32.0,28.49,29.23,36.68,32.57,32.01,34.97,36.64
1457,39.73,38.99,33.3,27.79,30.48,36.03,35.39,31.52,35.01,36.42
1323,39.69,37.07,33.27,27.6,31.08,37.04,35.63,32.82,34.81,35.54
1352,39.14,37.2,32.11,27.87,31.19,36.88,33.75,34.01,33.82,35.37
1319,38.47,38.88,31.68,28.67,32.21,37.15,32.15,34.32,33.03,36.28
1211,39.0,40.11,30.02,29.13,34.04,38.3,30.93,35.05,32.17,37.26
1192,39.01,40.15,28.61,28.34,32.01,37.69,32.53,35.79,30.87,37.22
1258,37.24,39.5,28.56,29.39,34.75,38.17,32.38,34.31,32.12,37.92
1263,35.11,38.46,29.57,29.27,34.79,39.11,32.57,35.94,31.4,37.27
1191,35.4,36.48,32.64,29.33,35.36,39.85,32.92,37.16,33.08,36.62
1159,34.84,36.23,32.78,30.54,33.72,39.91,33.65,38.52,34.15,38.57
1113,34.47,37.09,32.67,29.94,35.44,39.52,31.95,39.35,33.5,38.18
1139,35.07,37.69,32.11,29.51,32.0,40.01,32.57,39.25,33.47,37.56
1046,33.53,36.81,32.51,28.93,31.68,39.37,32.79,39.27,31.99,38.02
1049,32.6,36.9,32.68,28.94,32.19,40.89,34.28,40.22,31.95,37.71
1075,32.57,36.68,33.1,27.32,33.38,40.7,33.79,38.96,32.24,37.24
1020,34.8,36.88,34.78,27.12,34.92,40.12,32.7,39.78,31.99,37.89
1009,36.08,35.33,35.33,27.67,33.74,39.54,33.35,38.69,31.97,37.73
942,36.82,34.16,34.73,29.05,33.17,41.15,34.33,38.82,32.01,38.96
1009,35.62,34.58,34.9,28.9,32.33,41.96,35.57,37.52,32.19,40.85
1111,34.34,35.75,34.72,31.1,31.99,42.49,35.23,38.03,31.8,39.44
1215,33.65,34.23,34.32,32.67,32.31,40.19,32.46,36.76,30.74,39.22
1162,32.64,34.44,33.9,33.46,33.43,40.3,31.93,35.4,30.44,38.3
1240,31.68,34.82,34.04,33.42,33.74,40.84,32.36,33.82,32.23,38.77
1301,31.01,32.77,35.17,33.75,32.37,41.48,33.61,33.18,31.04,39.32
1350,31.84,32.72,35.9,33.66,32.5,41.77,33.2,32.96,31.39,40.88
1354,31.99,32.81,37.39,34.28,34.03,41.14,33.09,33.44,31.9,40.3
1341,32.42,32.65,36.42,33.59,32.21,41.21,34.07,34.33,31.13,40.93
1416,32.6,33.05,35.91,34.22,31.62,40.73,33.62,32.99,30.37,41.57
1531,31.45,34.04,33.97,33.73,32.03,40.25,33.47,32.28,29.61,40.99
1514,31.89,32.88,34.49,32.86,33.4,40.68,34.16,33.29,29.83,39.94
1457,32.2,32.09,33.95,35.63,33.1,41.57,35.62,33.26,30.86,38.13
1490,33.67,32.37,35.28,37.72,35.51,41.08,36.56,33.43,31.23,38.18
1563,34.18,32.65,35.53,37.28,33.96,42.19,36.88,33.04,30.13,35.42
1616,33.98,32.66,36.72,37.04,34.21,42.48,36.09,32.35,29.16,34.64
1660,34.36,31.89,35.49,39.01,34.62,41.85,38.06,33.19,28.82,34.97
1676,33.41,32.21,33.66,39.08,33.47,42.13,38.56,34.45,28.32,33.3
1637,33.61,33.42,34.85,38.95,35.47,42.92,37.96,35.69,28.69,33.0
1531,32.33,32.37,35.13,38.62,34.84,42.77,37.8,35.18,29.61,32.21
1418,31.18,31.93,34.89,39.39,35.09,42.12,38.53,34.66,30.09,33.12
1413,32.85,31.91,32.87,39.77,34.35,42.53,38.8,33.38,29.65,32.96
1470,32.35,34.4,34.13,39.48,34.8,44.49,40.0,34.67,30.53,33.51
1507,33.49,35.96,34.8,38.94,34.17,45.12,41.77,36.03,31.45,34.54
1449,34.4,34.13,38.04,37.43,34.78,43.5,41.99,36.23,30.51,34.76
1523,34.19,33.94,37.97,37.53,35.22,42.63,41.11,37.22,32.33,33.21
1382,33.86,32.58,38.1,35.57,33.87,42.48,41.24,37.0,32.76,31.64
1427,34.55,32.58,36.63,34.46,34.24,44.03,39.82,35.41,32.76,32.49
1369,34.75,32.81,37.78,34.32,33.38,43.93,39.27,36.24,32.72,31.49
1344,34.3,32.84,37.51,34.42,33.42,42.3,39.57,37.43,32.36,31.89
1328,34.89,32.23,38.89,35.03,32.07,41.1,39.93,38.44,33.18,32.31
1330,35.31,33.96,37.26,36.49,32.86,40.06,37.68,36.97,31.55,32.93
1325,36.51,34.25,37.64,35.06,33.3,40.21,37.72,38.38,31.07,34.44
1244,35.35,35.39,36.94,34.17,34.59,39.7,38.55,38.62,29.97,33.71
1206,36.67,33.89,37.19,34.39,34.69,38.02,39.58,39.72,30.37,34.23
1201,37.12,32.41,35.77,34.96,33.79,37.64,39.63,39.17,31.45,34.16
1228,35.99,34.33,35.7,33.28,33.3,39.7,38.92,39.02,32.79,34.15
1254,36.58,34.43,36.56,31.86,33.57,40.96,39.45,36.63,33.58,34.85
1364,36.81,34.38,36.01,32.84,32.64,40.44,39.47,36.33,33.64,35.36
1429,36.84,35.16,35.78,31.99,34.71,39.87,37.87,37.01,33.38,35.78
1395,38.51,33.31,36.45,30.69,36.45,39.21,38.14,37.62,34.24,36.0
1418,38.83,33.16,39.18,30.88,38.15,38.85,39.28,39.05,35.47,35.39
1319,41.46,31.77,38.23,31.21,37.53,39.98,40.69,39.41,33.68,36.6
1371,41.82,31.98,38.32,31.67,36.7,38.63,39.04,39.72,33.7,35.42
1360,40.82,33.12,35.14,33.53,33.9,39.61,37.78,38.65,32.8,33.41
1390,41.4,34.64,34.22,32.14,33.91,40.44,38.64,37.31,32.27,34.86
1393,40.88,34.1,33.11,33.91,34.98,40.92,38.89,38.75,31.18,35.35
1484,39.48,34.56,34.6,33.38,35.7,39.0,39.39,38.48,29.78,35.07
1502,42.2,35.67,34.37,34.47,36.45,38.84,38.75,39.26,29.53,35.29
1574,42.09,35.29,33.27,35.03,36.72,39.97,39.27,38.61,31.13,34.47
1586,41.36,35.65,32.24,34.69,37.57,41.01,39.91,38.38,30.62,33.67
1546,41.06,34.43,34.3,32.19,36.2,41.26,40.81,39.45,32.13,35.57
1535,40.09,33.79,35.23,30.81,34.62,39.84,41.18,39.18,31.64,35.45
1538,39.47,31.14,34.74,31.26,32.48,39.86,38.95,38.94,33.2,35.6
1490,37.38,30.85,33.36,31.25,34.31,41.45,36.43,36.87,33.38,35.65
1523,38.64,30.56,34.16,30.89,33.66,41.45,35.32,38.21,34.38,37.44
1593,39.65,29.25,34.24,31.53,34.08,39.71,34.96,38.28,33.68,38.6
1484,38.92,27.86,35.31,32.56,35.22,39.59,33.88,39.18,32.73,39.91
1492,37.95,26.84,36.07,32.83,35.87,38.9,35.34,38.38,34.08,37.88
1528,39.24,29.76,36.38,34.68,34.09,38.19,36.05,39.22,33.14,38.66
1479,38.4,30.25,34.52,33.83,32.52,38.56,35.12,40.13,33.81,37.89
1523,39.42,29.95,34.02,33.45,31.38,39.29,34.01,39.1,33.36,38.41
1498,38.89,31.12,34.42,32.07,30.3,38.69,32.9,38.07,33.96,36.65
1520,37.33,31.62,34.87,31.79,29.91,39.01,32.68,37.34,34.08,37.95
1620,35.8,31.5,34.03,31.87,33.02,38.74,33.4,38.81,34.05,38.95
1586,37.2,30.47,35.2,31.89,33.92,39.12,32.79,38.67,36.03,37.36
1541,35.17,30.71,35.6,31.67,33.03,37.49,32.37,36.61,36.79,37.59
1433,36.03,30.12,35.59,32.89,32.01,38.24,32.63,37.82,38.46,38.89
1384,35.0,29.06,35.98,32.3,32.19,38.4,33.14,36.75,38.39,38.11
1308,35.04,29.51,36.77,33.36,32.01,37.58,32.22,37.04,38.91,39.19
1400,36.61,27.92,34.95,34.27,30.9,36.69,30.11,36.33,38.19,39.22
1484,36.27,30.21,35.07,35.08,31.09,37.74,31.0,35.36,37.52,36.99
1521,36.79,29.28,33.46,35.27,32.52,37.4,30.6,33.05,36.54,37.45
1649,36.94,29.25,33.72,34.38,33.38,37.35,31.54,32.24,34.24,38.4
1598,38.29,30.27,34.44,34.4,32.91,36.58,33.28,32.38,33.84,39.18
1641,37.89,30.04,34.08,33.88,34.09,36.54,34.63,31.34,32.08,37.55
1720,37.67,31.6,34.35,34.1,34.83,36.99,35.02,30.71,30.54,36.89
1635,38.84,33.4,33.74,34.43,33.91,35.57,34.58,31.11,30.51,36.28
1642,39.07,34.67,33.26,34.74,33.23,35.33,32.83,31.78,29.54,38.78
1668,38.5,32.81,33.58,34.66,34.39,36.38,32.13,30.56,30.84,39.28
1696,38.69,34.05,34.44,36.22,34.66,35.92,31.01,30.64,31.13,39.72
1785,38.38,33.78,35.36,35.34,33.7,34.29,31.19,32.76,32.1,38.78
1663,37.44,33.6,34.97,35.03,34.58,35.53,31.45,30.75,33.55,38.4
1637,37.01,32.33,34.32,34.11,35.19,36.07,32.43,31.43,34.5,37.61
1582,42.35,33.19,35.7,33.2,33.27,36.03,32.99,31.03,37.06,37.74
1530,41.83,33.59,36.02,33.33,31.9,34.72,33.05,31.66,36.5,39.74
1540,42.43,35.43,36.48,33.12,32.19,35.98,32.78,32.98,37.38,37.86
1555,42.12,36.06,35.25,33.29,31.67,35.61,31.84,32.95,37.47,37.11
1673,40.64,36.32,34.76,33.14,32.33,35.0,31.43,31.28,38.39,37.34
1664,42.28,36.87,35.86,31.11,31.47,36.96,30.53,31.84,37.23,37.21
1674,40.35,38.82,39.23,31.45,33.13,36.92,32.0,32.64,37.01,37.55
1656,39.77,38.17,37.85,31.68,32.61,34.38,31.6,32.45,37.81,39.33
1568,38.0,39.3,38.81,31.98,31.54,35.89,31.74,33.78,39.35,38.77
1573,38.1,41.38,38.86,33.2,30.48,35.02,32.03,34.54,41.36,38.52
1513,37.57,41.06,39.13,33.77,30.84,36.67,30.27,36.53,42.49,38.53
1422,36.56,41.41,38.56,33.54,31.04,37.02,30.19,36.67,43.35,38.17
1484,36.82,39.11,38.27,34.54,29.51,36.12,29.65,36.76,45.89,38.44
1385,35.93,37.37,37.43,34.39,29.71,35.28,30.52,36.15,45.67,38.17
1353,35.6,37.55,37.24,32.51,30.81,34.82,30.8,36.69,45.29,37.17
1337,36.25,35.13,36.52,31.07,30.91,34.01,31.72,35.91,44.06,37.33
1339,36.54,34.54,37.24,30.83,30.49,35.15,32.68,34.9,42.34,37.94
1379,35.52,35.12,35.36,31.63,31.03,37.58,31.53,33.71,40.05,37.35
1310,36.07,35.26,34.65,32.07,31.06,35.71,31.1,35.73,39.92,39.49
1406,37.23,33.8,35.36,33.47,30.55,35.17,29.81,36.19,39.68,39.95
1426,32.12,32.41,36.88,32.58,30.45,34.96,30.43,36.8,39.37,40.13
1517,30.9,32.6,36.85,31.87,31.44,35.5,31.22,36.31,37.36,40.16
1510,31.0,31.92,36.87,33.33,31.55,34.93,32.57,35.12,36.82,40.53
1396,31.55,32.02,37.02,32.56,31.12,35.14,32.64,34.53,36.93,40.14
1417,32.18,32.81,36.49,32.23,30.0,35.48,32.89,36.78,36.63,40.48
1419,31.96,32.9,36.38,31.16,29.73,33.98,33.29,36.63,35.87,40.27
1425,33.82,31.56,36.18,30.23,28.88,34.31,33.78,35.39,36.48,38.77
1471,34.3,30.41,37.11,30.87,29.39,34.72,33.45,35.93,36.23,37.35
1480,34.96,30.56,39.01,30.55,31.26,34.22,33.04,33.81,33.52,38.35
1465,34.76,30.4,39.94,29.06,32.33,35.33,32.98,33.46,34.35,36.98
1471,34.99,30.98,39.37,28.5,31.58,34.02,35.83,31.86,33.25,37.54
1476,34.37,31.43,42.03,29.09,33.84,33.62,37.79,32.2,33.04,38.28
1582,34.73,31.54,42.8,28.93,33.96,34.47,38.05,32.36,31.34,37.38
1587,35.04,31.85,43.12,29.44,34.9,35.66,37.94,33.76,33.15,38.82
1525,35.17,32.63,44.32,31.1,34.25,37.48,37.89,31.1,33.53,38.51
1409,34.47,35.93,43.65,31.72,34.96,37.85,36.26,31.97,33.33,37.61
1465,34.86,35.81,42.85,32.04,36.33,37.02,37.27,31.49,33.14,36.49
1477,34.39,35.32,42.74,32.09,37.12,36.75,36.77,31.56,33.99,37.57
1475,32.24,35.4,42.9,31.41,38.9,36.84,37.63,32.39,34.11,36.87
1532,31.37,36.49,43.05,30.85,39.65,37.52,36.59,31.45,33.43,36.69
1438,32.71,37.95,41.37,33.75,41.19,39.63,35.15,31.0,32.0,35.41
1424,32.61,36.88,42.72,34.34,40.62,38.06,35.74,31.87,32.66,33.88
1481,33.62,36.43,43.19,33.26,40.8,38.42,35.56,33.95,33.46,35.81
1473,31.99,36.78,42.89,33.76,40.8,39.75,36.4,33.27,33.88,36.23
1356,31.82,37.14,42.63,35.64,41.59,39.8,35.91,32.29,34.35,35.75
1349,31.06,35.55,41.86,36.88,43.21,40.58,37.67,30.28,33.4,35.29
1308,30.49,36.39,40.14,36.74,43.41,40.7,37.64,30.66,33.21,36.49
1304,29.81,37.64,40.26,35.52,42.97,41.28,37.61,30.55,32.37,35.41
1247,29.48,37.27,38.0,36.86,41.15,41.59,37.7,32.27,34.56,35.03
1285,29.6,36.72,38.24,36.93,40.96,41.96,37.06,33.28,33.38,36.02
1299,29.66,36.33,39.58,36.96,41.1,42.38,35.17,34.65,32.5,34.37
1228,31.25,37.29,37.07,36.18,39.11,41.77,33.94,34.77,33.79,34.13
1294,30.96,38.57,35.26,35.3,38.41,42.58,33.43,34.55,34.87,33.77
1283,31.67,38.95,36.83,35.62,36.57,42.15,33.35,33.45,34.82,32.59
1402,30.84,38.41,35.89,33.7,36.36,41.28,33.53,35.86,34.53,33.9
1324,31.41,37.54,35.91,33.64,35.73,40.58,34.95,36.44,34.83,33.05
1390,30.3,37.32,35.58,32.54,34.82,41.88,33.46,39.41,35.22,32.61
1288,31.38,38.07,35.58,32.53,34.46,41.35,34.32,39.26,36.11,32.61
1174,33.85,37.43,37.6,33.75,32.2,43.2,32.36,38.03,35.46,32.86
1154,35.73,37.74,38.45,34.1,30.7,43.39,34.38,38.58,36.45,32.84
1206,35.67,37.51,37.73,33.38,30.25,41.97,33.92,38.1,37.38,34.36
1146,35.87,38.66,34.63,33.04,32.68,43.43,32.77,36.86,38.32,34.72
1138,37.08,37.77,32.98,33.53,32.58,41.75,33.28,36.77,37.52,32.42
1172,37.76,37.16,34.25,32.59,33.65,41.53,32.58,38.32,34.77,31.57
1198,39.19,35.24,34.47,31.74,32.62,40.92,33.16,38.62,34.86,32.47
1287,38.16,37.52,35.42,30.77,31.87,40.79,31.5,40.36,36.05,32.5
1280,38.41,36.64,36.86,30.55,29.89,41.74,30.85,41.7,36.53,32.72
1284,38.4,35.53,35.52,31.55,30.95,41.0,31.94,42.12,37.16,34.51
1345,40.05,35.41,35.09,30.26,30.84,39.78,31.92,43.28,36.88,34.7
1369,39.53,34.22,33.52,30.46,31.3,40.0,31.3,41.64,36.81,35.02
1414,39.56,35.36,33.13,31.57,31.51,39.92,31.19,40.17,39.33,35.97
1426,38.05,34.29,32.61,32.93,31.1,38.68,30.1,40.48,37.82,36.98
1558,36.55,33.55,32.16,32.5,32.52,36.69,29.94,38.85,37.89,36.02
1495,35.61,35.63,29.39,31.13,35.31,38.1,29.44,38.2,38.01,37.79
1586,36.7,34.12,29.2,32.24,36.1,38.14,28.68,36.57,37.3,37.91
1613,35.47,35.95,31.34,31.56,35.25,38.07,27.9,35.68,37.46,37.73
1611,35.24,37.64,32.02,31.54,34.92,36.81,27.89,34.42,36.68,36.97
1709,34.84,36.89,31.83,30.15,34.63,37.63,27.35,33.73,36.16,35.69
1737,33.92,36.39,30.18,28.96,35.58,35.9,28.38,33.99,36.01,33.91
1714,31.87,35.4,28.91,28.34,37.23,35.9,27.67,32.63,34.69,32.89
1835,32.49,35.59,30.13,27.82,38.61,34.87,29.36,32.35,35.78,32.56
1737,32.81,34.32,31.92,28.3,35.27,34.51,28.77,32.32,35.02,31.93
1776,31.49,35.8,33.04,27.26,35.33,35.67,27.26,32.18,34.93,33.37
1730,32.85,36.13,33.09,28.39,35.37,33.68,26.98,31.9,35.49,33.49
1590,31.44,36.42,32.87,28.8,35.05,33.67,26.99,31.65,34.63,31.58
1577,32.42,37.0,30.99,30.51,35.25,33.13,27.49,30.76,33.46,31.32
1606,34.64,38.31,29.77,28.82,36.52,32.25,27.92,30.4,33.57,30.1
1605,35.52,38.66,31.68,27.91,36.05,33.95,27.27,31.82,33.0,30.56
1581,33.07,39.14,32.85,28.93,35.04,35.21,27.95,30.16,33.69,30.9
1588,34.99,38.64,32.01,30.37,35.12,34.95,28.44,30.33,32.33,30.39
1584,34.11,37.66,30.54,31.86,36.49,35.54,28.2,30.48,31.68,31.13
1497,34.84,39.38,32.21,31.1,36.83,36.99,28.62,28.09,31.9,30.89
1434,36.0,39.65,33.42,32.34,37.1,37.63,29.16,29.82,31.92,30.97
1378,34.83,37.62,34.04,33.68,34.52,37.44,29.67,30.0,30.69,29.21
1348,34.79,38.82,33.64,34.71,35.47,35.71,31.85,32.0,32.66,28.38
1461,35.36,37.81,33.75,35.3,36.01,36.41,32.13,32.38,34.55,30.56
1383,35.91,36.96,34.17,36.02,37.13,36.42,33.86,31.09,35.57,31.23
1399,35.15,38.69,33.96,37.43,37.35,35.13,36.07,32.47,34.47,32.87
1445,35.17,39.9,33.0,37.77,37.33,35.89,36.46,34.4,33.99,33.76
1309,37.5,40.6,32.9,38.01,38.12,35.47,36.79,34.83,34.49,34.49
1434,37.17,38.89,32.21,37.95,36.85,37.33,35.33,36.2,33.06,33.21
1418,36.86,38.92,31.72,37.3,39.23,35.64,35.35,39.0,33.48,33.17
1364,38.12,38.74,31.4,37.92,39.39,35.03,35.19,38.22,34.13,31.37
1453,36.75,38.13,30.58,37.1,40.59,35.0,35.74,38.43,36.1,32.39
1415,37.83,37.43,30.3,36.89,41.5,36.44,36.21,38.67,37.62,34.19
1503,37.48,34.46,30.88,36.16,41.77,35.75,36.13,38.52,38.71,33.99
1468,34.72,34.62,31.31,38.39,42.28,35.38,36.52,37.06,39.04,34.64
1474,34.97,33.44,28.87,39.04,41.87,35.08,36.4,35.04,39.16,32.96
1449,37.67,32.71,28.61,38.17,44.04,34.36,36.34,34.44,38.83,32.6
1415,37.78,33.97,30.19,35.55,42.34,35.3,34.98,34.15,40.22,33.42
1435,38.05,34.17,31.28,33.87,40.78,34.31,36.18,33.24,40.78,32.36
1429,37.39,32.63,31.19,34.04,40.66,35.42,35.87,34.8,41.31,33.05
1430,36.58,32.56,31.0,33.5,40.74,35.94,35.68,35.13,40.43,35.83
1400,38.91,33.41,32.19,33.99,42.06,34.5,35.8,35.01,39.56,36.83
1296,39.2,32.64,33.12,34.1,40.66,35.14,34.04,36.03,40.38,36.9
1378,39.03,32.76,34.09,32.49,40.69,35.19,33.87,36.33,39.89,35.39
1369,37.56,31.16,34.49,32.56,40.4,35.1,31.9,37.13,39.43,35.24
1284,36.12,30.72,36.33,34.91,40.67,34.72,32.12,36.93,40.74,34.92
1340,34.84,30.36,36.66,35.29,40.01,34.27,32.83,35.77,40.44,34.15
1320,33.85,28.85,36.4,35.33,38.58,34.4,33.35,36.14,39.96,34.05
1298,34.83,30.02,37.16,34.83,39.06,33.64,33.85,35.89,39.37,34.32
1357,35.77,30.54,37.09,35.91,36.87,34.19,33.83,34.69,38.53,33.73
1331,34.25,30.28,37.44,35.88,36.0,35.22,34.23,32.93,38.25,35.91
1348,32.91,30.89,36.2,36.4,35.99,35.99,33.87,30.88,37.83,34.72
1259,30.88,31.23,36.27,37.04,35.11,34.51,33.71,31.09,35.62,34.42
1261,32.07,33.66,36.66,35.44,34.05,34.26,33.57,31.97,35.62,34.7
1214,32.49,33.44,37.46,34.63,35.12,34.23,33.4,32.74,35.61,36.59
1219,31.34,33.9,37.88,34.15,36.13,34.34,33.53,32.97,35.26,36.35
1140,28.64,34.7,38.14,34.45,35.99,34.81,33.53,33.99,33.81,35.95
1161,28.82,35.06,37.68,36.46,37.53,33.67,35.3,35.45,33.5,35.84
1195,29.03,34.97,38.06,36.12,38.15,32.51,35.13,36.47,32.72,36.56
1170,28.52,35.65,36.92,36.62,38.27,30.5,35.47,38.99,33.85,35.83
1205,29.71,35.69,36.92,37.33,38.39,29.32,35.07,37.41,34.09,34.31
1254,29.16,34.16,36.04,36.02,37.69,29.97,35.44,39.33,33.45,34.24
1167,28.94,34.37,34.88,35.55,36.43,30.75,36.27,37.42,32.12,33.75
1263,28.87,35.37,33.85,36.75,34.88,30.76,37.34,36.12,30.79,33.24
1288,31.04,37.67,30.96,37.25,34.09,32.08,36.78,37.38,31.12,33.05
1254,32.94,37.01,31.3,34.32,33.77,32.67,36.19,36.79,31.33,32.58
1197,34.19,36.47,32.64,33.63,33.81,31.61,36.33,35.85,31.4,33.38
1192,32.7,37.66,32.86,32.84,33.01,32.92,34.96,37.09,31.56,33.57
1206,32.18,37.66,31.57,32.03,31.39,31.38,34.97,37.23,33.67,34.12
1240,31.43,36.41,30.97,31.08,32.27,31.87,36.22,36.14,34.55,34.35
1319,31.33,36.84,30.14,30.73,32.62,30.46,37.42,37.46,34.2,34.12
1387,32.19,36.53,30.84,30.53,32.57,30.98,37.47,40.03,33.96,34.56
1348,34.82,36.27,30.6,28.87,33.64,32.03,37.47,40.43,36.16,34.91
1433,34.7,34.6,31.8,30.81,35.6,33.02,38.45,39.68,37.54,35.85
1408,35.74,34.29,32.45,32.95,35.09,32.38,37.04,40.52,35.99,34.69
1456,36.3,35.49,32.54,32.45,34.46,33.01,37.28,40.17,37.15,35.06
1393,38.46,35.73,32.63,32.31,34.6,33.66,35.85,40.71,37.66,35.72
1421,38.2,36.09,32.29,29.91,35.16,33.25,35.92,40.39,38.31,33.52
1460,39.69,36.26,30.91,30.0,35.21,34.23,37.42,39.55,37.91,32.07
1422,40.42,36.16,30.44,28.61,37.2,36.73,38.05,38.34,35.94,32.23
1443,39.44,37.18,28.96,27.96,36.72,37.24,38.76,39.3,34.79,32.59
1511,40.21,37.35,30.11,28.51,36.16,36.82,38.14,37.89,35.73,32.42
1409,38.63,37.16,31.22,27.53,36.97,34.93,38.43,37.94,35.6,32.99
1511,39.47,36.32,30.58,27.94,37.61,34.29,38.2,38.82,35.98,32.96
1581,39.81,35.41,31.88,27.87,37.16,32.95,39.01,37.72,36.19,33.98
1586,39.51,36.95,30.85,28.11,37.64,32.71,39.39,38.7,35.57,34.0
1637,39.21,36.68,31.4,28.36,37.01,34.19,38.62,38.29,36.33,34.89
1698,40.45,36.05,31.08,29.68,37.85,32.13,38.67,36.41,36.57,34.9
1719,39.47,34.9,32.83,29.96,39.17,32.51,38.98,36.83,34.3,36.66
1699,41.24,36.59,33.59,30.69,38.55,33.32,39.3,38.23,34.6,37.6
1704,41.79,37.12,33.43,30.26,38.26,33.59,38.85,38.74,33.21,38.13
1688,43.14,38.91,35.4,30.75,37.35,32.48,39.42,37.77,32.91,37.22
1560,41.07,39.27,36.85,30.58,36.43,32.73,38.23,36.17,32.29,37.11
1518,41.14,40.31,35.98,30.95,35.77,31.81,38.15,36.52,31.35,35.77
1453,39.54,39.12,34.55,30.95,35.31,31.89,38.45,36.6,32.01,35.59
1440,38.49,37.39,35.17,31.14,36.12,29.78,39.03,36.04,30.37,35.36
1462,37.59,38.42,33.85,31.73,35.44,30.37,39.51,37.13,30.4,35.41
1392,37.92,36.75,34.6,32.63,34.53,30.62,39.14,36.26,29.93,37.47
1418,35.74,37.36,35.89,32.52,35.15,32.12,36.91,35.76,30.34,38.52
1381,35.86,36.81,35.53,32.85,33.61,30.72,36.11,34.29,31.76,38.02
1376,37.58,35.1,36.62,33.64,33.53,30.59,37.46,34.57,33.6,37.65
1390,38.06,34.96,37.62,32.99,34.17,30.51,37.65,35.14,33.92,37.59
1300,39.47,35.97,38.93,34.4,35.21,31.77,35.92,36.0,32.29,37.29
1229,38.81,36.46,38.59,32.62,36.87,32.83,35.32,35.59,32.32,38.58
1280,37.28,36.68,38.06,32.15,36.38,33.32,33.79,37.08,32.1,37.84
1275,37.32,34.51,37.81,31.55,35.78,33.66,32.55,36.63,31.75,37.77
1267,38.89,33.6,39.27,31.38,37.36,32.29,33.74,38.04,31.84,35.89
1287,36.98,33.69,39.53,30.84,36.97,33.97,34.97,39.41,32.25,35.34
1318,37.87,34.29,38.7,32.67,38.09,33.97,34.81,38.44,31.2,33.69
1322,36.58,33.63,39.21,31.68,38.11,32.39,34.74,37.91,30.69,32.73
1326,35.46,32.84,40.18,31.32,39.34,32.49,34.53,35.88,31.92,30.87
1362,34.94,30.89,38.65,31.14,40.83,33.8,32.59,37.2,33.91,32.61
1402,35.27,30.97,37.87,31.13,41.34,33.64,33.74,38.06,33.11,33.28
1481,35.92,30.96,38.15,30.98,40.5,34.57,33.31,39.15,33.11,35.46
1591,36.55,30.17,36.03,29.23,40.18,35.58,32.98,37.93,34.64,36.15
1521,36.98,31.49,36.95,29.99,38.61,36.69,31.81,39.03,34.72,37.42
1606,37.26,29.45,39.14,29.51,38.27,33.76,32.45,37.58,35.18,37.08
1560,36.12,30.34,39.79,30.53,37.19,33.42,32.57,37.94,36.45,38.68
1635,37.12,30.22,39.91,29.65,35.5,31.5,33.81,40.25,35.73,39.48
1577,37.15,31.74,42.12,30.37,34.65,31.17,34.02,41.13,34.68,39.94
1529,35.42,33.14,42.93,30.07,35.66,32.2,32.46,40.46,33.42,39.81
1608,34.31,35.16,40.75,30.36,35.34,31.77,31.28,39.33,33.46,38.93
1620,31.8,34.36,39.22,30.12,34.58,33.75,33.26,38.27,33.53,38.62
1522,32.76,32.44,38.78,31.94,34.2,32.64,35.4,39.45,33.78,39.46
1479,32.38,32.25,40.29,31.1,35.75,31.84,36.96,37.21,35.24,39.97
1442,33.54,32.67,40.44,32.65,35.97,32.41,37.42,38.09,35.77,41.27
1427,31.96,34.42,38.36,32.14,35.2,32.8,36.22,37.61,33.97,42.3
1422,34.44,33.82,37.54,32.31,35.47,32.69,34.98,37.03,34.25,43.84
1322,34.77,34.3,37.69,32.17,33.42,32.57,34.33,36.68,36.82,44.68
1368,32.87,34.24,36.64,33.68,33.56,33.53,32.97,36.45,37.1,45.24
1363,32.88,33.76,36.28,33.21,33.76,33.75,33.39,38.6,37.38,45.5
1402,32.25,34.29,34.82,34.07,32.51,33.12,33.81,37.72,37.09,44.59
1361,32.41,34.41,34.36,35.5,34.79,32.72,32.39,38.49,37.7,43.82
1348,31.31,34.02,33.94,35.22,35.45,31.08,31.51,38.38,36.51,42.06
1471,30.57,36.05,35.21,35.29,35.24,31.14,31.88,38.3,35.45,41.02
1401,32.36,35.48,33.85,35.44,36.14,30.63,33.19,37.58,37.71,39.63
1359,32.0,35.97,31.44,36.27,35.87,31.77,32.99,38.24,38.27,40.11
1313,32.25,37.04,30.61,36.57,36.56,32.16,33.07,37.8,37.21,38.07
1388,31.22,36.76,31.17,36.15,34.96,33.06,32.15,37.77,38.9,38.17
1512,32.26,34.92,30.67,34.85,33.92,32.55,31.88,38.37,40.51,37.22
1421,31.44,34.53,31.6,34.75,33.45,31.9,31.51,38.72,39.65,38.11
1451,31.35,33.67,31.17,34.38,33.63,33.67,33.76,38.88,39.44,38.44
1486,33.76,32.97,30.83,33.05,33.87,31.29,32.36,39.13,40.22,37.62
1569,33.08,33.58,31.23,33.27,34.42,31.24,30.85,38.16,38.33,37.48
1486,32.59,34.11,29.22,34.13,32.95,32.0,30.01,37.44,37.34,35.58
1501,31.53,33.33,29.61,33.18,32.02,31.46,30.56,35.13,37.27,35.8
1469,31.01,32.8,29.18,36.13,32.36,32.47,29.73,34.99,40.71,35.16
1505,30.63,34.14,28.66,36.28,31.06,31.77,30.04,35.09,39.56,33.74
1459,28.17,35.1,29.0,36.33,30.85,33.01,31.33,36.1,37.89,33.47
1479,29.69,33.9,28.76,35.8,30.27,33.27,33.3,37.6,37.32,33.08
1470,30.54,33.74,29.02,36.27,28.96,33.3,32.89,37.24,38.27,33.23
1471,30.4,32.44,30.19,34.44,28.9,33.0,34.05,36.12,36.2,33.4
1430,30.52,32.63,29.26,35.04,27.21,33.03,35.57,35.38,36.24,33.49
1358,30.38,32.62,28.59,35.29,28.68,34.29,36.38,34.82,35.22,33.78
1416,31.69,29.78,30.33,35.27,30.6,34.34,36.62,34.95,34.87,34.59
1428,30.14,29.65,30.09,35.7,30.51,34.95,35.63,35.86,34.3,35.93
1370,28.61,29.76,31.32,36.77,29.69,34.93,35.22,34.31,34.31,35.82
1278,27.48,28.18,31.32,36.67,28.79,34.09,35.18,34.02,32.58,35.31
1286,29.65,29.01,30.83,39.29,32.11,33.69,33.71,31.36,32.17,36.14
1294,29.17,29.35,30.44,40.88,33.66,34.58,34.74,30.79,31.05,37.8
1276,30.54,28.81,29.16,39.83,34.32,33.0,35.37,32.51,32.28,37.38
1247,29.92,29.58,30.02,39.55,36.75,31.89,34.31,33.26,32.62,37.73
1197,28.97,30.12,31.06,38.77,35.14,33.58,35.08,33.64,32.73,39.97
1249,27.6,31.31,32.06,39.31,34.19,33.92,34.86,34.31,33.69,38.96
1186,29.9,31.35,34.05,38.38,36.12,33.97,36.92,36.41,33.36,41.23
1146,30.11,32.15,33.12,39.92,37.28,34.1,36.75,37.18,34.27,39.32
1129,29.55,31.12,33.46,38.1,37.58,34.12,37.82,37.77,31.52,39.55
1082,29.09,30.92,35.04,37.62,39.86,34.03,37.69,37.08,30.9,40.89
1076,30.83,29.89,34.06,35.48,41.97,34.16,36.22,36.13,30.95,40.44
1114,30.87,31.22,34.4,34.3,42.57,33.46,35.61,35.65,31.85,42.97
1183,30.84,31.63,34.24,35.74,42.56,33.9,34.24,35.83,30.72,41.81
1227,31.92,33.18,35.59,34.65,40.63,33.45,34.66,37.21,30.82,41.35
1251,32.13,33.99,35.88,33.18,39.67,33.24,32.69,37.01,29.75,40.04
1219,31.73,34.76,37.5,33.26,38.48,32.49,31.84,36.31,31.87,38.91
1196,30.1,37.94,36.86,33.92,38.18,32.46,30.45,37.2,32.33,38.09
1192,31.02,38.41,37.14,33.89,37.63,31.39,31.02,37.57,31.86,38.07
1278,32.64,36.85,36.61,30.52,39.13,31.5,31.83,37.25,32.02,36.95
1210,34.39,37.72,36.88,32.48,40.14,31.37,31.41,39.28,33.91,36.79
1263,33.45,36.55,36.41,31.96,38.43,32.44,32.72,41.26,33.24,35.2
1249,33.12,37.33,36.01,31.74,38.02,34.02,33.34,40.18,33.93,34.37
1340,33.14,37.63,37.55,32.88,35.86,36.0,34.01,39.62,33.65,34.56
1375,34.07,38.53,37.36,31.72,33.77,35.81,34.6,38.82,34.11,32.99
1341,35.52,38.2,37.49,33.33,34.63,35.81,34.42,38.69,34.39,32.97
1305,35.7,37.76,36.59,32.21,35.55,36.61,32.98,39.33,34.57,32.47
1281,34.66,37.9,36.96,34.39,34.87,37.01,31.77,37.55,34.47,31.77
1292,34.95,38.07,38.49,33.25,34.4,38.17,32.31,38.11,33.95,33.08
1325,36.8,39.98,37.1,32.28,35.27,36.65,32.03,37.87,35.14,34.28
1289,36.81,40.22,37.01,32.76,34.62,36.38,31.85,38.47,36.09,34.15
1292,36.58,40.17,36.82,33.06,34.17,36.31,32.81,36.98,35.38,34.48
1229,37.79,41.85,36.92,33.38,33.01,36.91,33.61,36.05,35.1,33.95
1155,37.84,40.83,37.37,33.63,33.93,37.76,33.64,35.76,35.85,37.11
1186,37.64,40.48,35.99,35.52,34.44,39.51,32.89,33.67,37.4,37.86
1263,37.44,41.11,38.84,33.87,35.6,38.82,34.65,33.11,38.92,38.36
1350,38.82,39.14,38.05,33.89,35.83,39.18,35.69,33.14,37.98,39.9
1369,39.34,38.99,37.81,32.18,34.47,38.28,36.38,31.21,39.4,41.14
1294,40.35,39.74,38.02,31.89,34.88,39.41,35.38,31.58,39.66,40.87
1362,40.28,42.02,38.88,33.58,34.62,38.88,35.15,31.98,38.75,39.82
1269,39.16,43.1,37.34,31.64,36.36,39.79,37.62,29.46,38.95,41.04
1288,38.99,42.56,37.76,31.32,36.81,38.52,37.09,27.93,38.93,39.85
1326,38.25,42.82,38.81,31.25,37.55,37.18,36.36,28.86,38.23,39.26
1356,39.18,43.16,36.62,32.63,39.1,35.31,35.03,26.18,38.96,38.61
1430,39.93,41.73,36.03,34.62,38.74,36.65,35.45,28.47,38.83,39.94
1448,38.65,41.66,34.7,35.07,40.99,34.91,34.62,28.02,37.56,39.35
1467,38.25,40.56,33.8,35.17,39.58,31.95,34.97,26.43,38.05,38.34
1495,39.13,39.39,33.19,32.92,40.92,30.26,34.89,28.71,38.38,37.39
1597,39.14,37.76,31.89,32.58,42.0,29.47,34.26,29.03,36.18,37.64
1607,38.05,37.94,32.52,34.32,41.47,30.55,33.37,29.14,34.67,36.21
1581,39.67,36.34,32.05,34.8,41.02,30.84,33.74,29.47,34.89,36.01
1651,39.15,35.65,32.46,36.84,39.61,31.78,34.35,32.02,36.43,37.17
1712,38.55,33.43,33.11,37.68,41.36,32.48,33.24,33.75,35.83,35.62
1691,38.66,33.34,32.23,36.59,41.18,31.76,35.12,34.27,36.54,34.26
1633,39.11,32.18,32.94,36.64,42.29,30.55,35.98,35.37,36.11,34.68
1562,38.46,31.2,31.67,39.65,41.99,31.38,37.14,35.63,35.89,36.39
1627,37.8,32.74,31.85,39.16,40.64,31.51,36.85,35.55,36.65,35.27
1700,38.32,32.79,30.82,41.63,40.74,33.04,37.06,37.04,35.32,33.74
1684,37.14,32.31,31.03,40.92,38.36,33.52,38.19,35.52,35.84,35.04
1735,37.0,31.09,28.99,39.85,37.24,34.64,39.48,36.59,36.98,36.05
1682,38.04,29.21,30.34,39.83,35.4,33.99,36.23,37.46,36.46,36.01
1618,38.1,31.18,29.01,39.57,35.81,34.59,37.76,38.81,37.02,37.66
1563,39.2,31.12,28.07,40.34,33.9,34.07,37.6,38.81,36.86,36.89
1609,36.48,30.65,28.87,38.55,33.48,34.95,39.93,39.73,36.85,35.64
1613,33.8,29.67,30.51,37.52,33.76,34.89,39.06,37.01,35.09,35.12
1676,35.0,31.35,32.01,35.6,32.23,36.26,40.81,38.13,36.98,34.08
1716,36.99,31.62,32.21,34.8,32.97,38.42,41.76,40.02,36.3,36.35
1667,37.19,32.53,31.14,36.58,31.23,39.1,39.69,39.18,37.88,36.27
1724,37.94,34.38,32.1,37.26,31.1,37.43,40.45,40.37,40.61,34.15
1620,38.37,31.96,33.26,37.02,31.5,36.93,40.09,39.8,41.0,34.02
1647,36.88,34.33,32.56,35.88,31.59,36.43,40.04,39.04,40.3,32.51
1675,37.8,35.97,33.67,36.88,33.56,35.33,39.92,38.13,40.96,32.45
1688,35.92,36.88,33.14,37.19,33.63,34.31,39.55,36.81,40.48,32.46
1649,36.91,38.36,31.78,38.31,32.72,33.62,39.72,35.46,39.81,30.97
1720,36.18,38.08,32.59,38.06,31.91,33.48,39.29,35.89,37.64,32.29
1638,36.23,37.83,31.88,35.29,32.62,33.79,38.12,36.15,36.8,30.68
1630,36.26,37.29,30.23,35.81,33.9,35.2,38.04,36.87,37.56,32.22
1603,36.23,36.37,32.35,33.81,34.64,33.45,37.07,36.15,37.48,32.1
1628,36.03,36.85,34.0,33.52,36.61,32.42,35.57,36.53,37.63,29.75
1691,35.98,37.69,35.36,34.94,38.61,31.42,33.85,34.38,37.96,29.93
1625,36.02,38.6,34.88,34.47,40.19,30.84,35.72,34.28,37.97,28.73
1542,35.28,36.68,37.41,33.16,39.57,32.0,34.78,32.75,36.91,27.37
1497,35.2,34.47,39.51,32.1,39.65,31.77,33.69,32.57,37.86,27.58
1543,36.26,33.8,39.9,32.24,39.62,33.41,31.66,33.54,38.6,28.33
1491,36.9,33.86,37.67,33.06,40.01,32.17,33.05,34.59,39.33,29.7
1390,36.69,33.85,36.19,33.94,39.75,32.46,33.08,33.54,38.81,30.14
1312,36.19,33.81,35.86,33.81,39.39,32.91,32.52,33.32,38.76,28.67
1340,35.41,33.86,35.94,32.25,39.35,32.99,33.91,33.03,37.7,28.78
1367,34.62,33.69,35.99,30.88,37.52,34.2,32.34,31.54,36.82,29.76
1252,35.76,33.7,35.9,29.99,36.31,33.73,33.54,30.73,37.55,30.32
1198,35.59,33.09,37.85,31.13,35.12,34.58,33.17,31.62,38.0,32.63
1158,34.66,32.62,38.22,29.1,32.54,33.53,32.58,31.0,37.96,32.76
1196,34.99,32.27,38.36,29.21,32.63,33.68,31.67,30.46,38.95,34.69
1115,33.8,32.04,40.62,27.97,32.26,33.04,30.88,31.81,39.56,33.92
1095,33.95,32.97,39.2,26.28,33.55,34.12,29.71,31.98,41.39,31.84
1098,34.48,31.74,39.45,28.89,33.61,34.18,29.69,32.11,42.76,33.37
1073,33.27,33.25,41.04,28.33,31.78,32.81,30.53,32.29,40.02,30.32
1099,33.13,33.78,38.78,28.8,31.42,34.56,31.7,32.6,41.01,31.26
1084,33.39,32.71,36.31,29.2,31.91,34.67,32.58,33.03,39.87,32.06
1126,35.96,31.24,36.56,27.96,31.97,36.09,33.16,35.52,38.8,31.84
1226,36.01,29.89,35.93,28.47,30.81,37.27,31.8,36.03,38.82,33.34
1156,35.48,31.4,34.62,29.28,30.16,36.24,32.08,37.32,40.8,33.56
1170,34.84,33.1,32.69,30.64,31.51,37.37,33.95,37.96,39.7,34.78
1232,37.33,33.66,32.62,29.38,31.87,36.88,34.81,38.35,38.91,35.72
1257,37.79,34.14,34.11,29.68,29.53,38.22,34.12,38.62,40.65,34.59
1266,37.87,34.1,35.65,29.55,28.46,37.59,34.39,37.35,40.76,34.71
1156,38.94,34.7,36.9,30.93,28.95,37.07,33.9,35.01,41.67,36.02
1156,38.42,33.41,38.2,32.59,28.16,36.89,34.3,35.05,40.23,38.24
1268,39.42,33.36,36.74,34.48,28.14,36.77,35.3,35.1,39.18,38.45
1334,40.05,35.05,36.62,34.35,28.47,36.6,35.51,36.22,37.57,37.7
1388,40.58,34.18,35.78,34.43,29.2,36.36,36.54,35.74,38.35,36.36
1448,41.29,34.4,34.54,34.82,29.16,37.88,36.2,36.19,37.46,35.83
1471,42.43,35.44,32.72,35.48,29.69,39.8,36.54,34.64,37.91,34.1
1589,43.51,35.45,32.54,35.71,30.4,41.46,36.93,35.81,36.13,36.01
1576,44.33,35.52,34.46,37.34,29.67,41.07,36.48,37.52,37.13,36.7
1632,43.8,35.41,32.87,36.19,29.21,39.83,36.63,37.44,37.52,36.99
1530,45.18,33.21,33.67,36.79,30.2,40.32,36.38,37.09,38.88,39.66
1517,45.01,33.27,35.73,36.41,30.27,40.56,35.07,37.57,38.71,39.72
1464,46.11,32.81,35.98,36.33,31.05,41.5,34.64,38.33,39.27,39.34
1388,42.34,32.87,35.68,38.14,29.6,40.88,34.42,38.31,37.94,39.26
1500,41.45,33.11,36.75,38.11,30.26,41.19,35.28,38.63,37.37,39.67
1467,43.23,30.88,37.0,38.06,32.06,40.7,36.82,38.5,36.1,39.89
1425,43.92,30.1,36.73,37.35,32.54,39.26,36.56,38.06,35.86,39.4
1494,42.78,30.81,37.24,38.97,32.74,38.25,36.18,37.16,34.71,38.39
1577,43.92,32.13,36.74,38.6,36.01,37.14,35.21,36.45,34.99,38.57
1596,42.44,30.58,36.17,39.49,36.36,38.17,34.29,38.91,33.98,38.65
1642,40.34,28.17,33.79,40.06,35.88,38.25,36.14,40.07,33.96,37.61
1512,41.0,29.28,32.71,39.07,37.34,37.43,35.29,40.22,34.92,36.74
1507,40.39,28.68,32.55,38.81,38.21,38.44,33.84,40.86,36.08,38.22
1450,37.91,29.16,33.18,39.11,38.71,39.23,33.24,42.81,38.39,39.24
1326,37.61,29.84,33.19,39.36,38.83,39.31,31.34,42.7,39.01,38.71
1425,38.25,29.33,33.05,39.62,40.75,39.15,31.04,44.46,39.01,39.08
1394,38.41,27.91,34.92,37.42,41.63,36.47,33.42,46.52,37.58,39.77
1353,38.06,27.97,34.42,37.27,40.49,36.71,33.35,44.75,38.4,38.62
1295,37.54,28.45,32.31,35.15,40.25,36.3,33.89,41.52,37.7,36.54
1282,36.58,29.35,34.67,35.6,40.37,37.12,32.29,42.46,36.75,35.16
1250,37.16,30.31,35.22,34.81,40.64,35.78,33.08,41.16,37.33,34.78
1368,36.41,30.59,34.25,34.71,39.18,32.99,34.07,42.11,34.78,36.05
1339,33.81,30.76,35.83,36.45,38.83,32.44,34.53,40.79,34.71,37.57
1337,35.0,30.86,35.43,34.74,39.12,33.67,33.84,40.41,35.68,37.43
1369,33.73,32.23,35.7,34.48,40.58,33.11,34.64,40.72,37.77,36.85
1366,33.82,34.15,33.66,35.64,39.64,32.83,33.43,41.53,37.4,37.69
1340,34.07,33.56,34.15,35.23,39.9,33.28,32.66,40.52,39.27,38.62
1308,32.9,32.54,34.06,35.64,39.12,33.83,31.85,40.36,39.72,39.03
1307,32.33,31.1,34.14,36.19,38.25,34.41,31.78,40.36,39.12,39.15
1257,34.09,30.58,33.5,35.64,39.24,32.02,30.87,41.32,40.72,39.07
1263,34.68,32.23,35.96,34.98,38.51,31.84,29.82,39.96,39.98,39.43
1173,34.57,32.49,37.69,35.02,37.65,32.71,30.1,40.29,38.8,39.39
1152,33.06,33.73,38.61,34.86,36.84,31.93,30.81,39.99,38.47,38.73
1164,33.05,33.38,38.08,35.25,36.86,32.73,32.3,39.26,38.58,38.35
1036,33.68,34.52,37.74,34.11,36.1,31.84,32.73,39.81,38.73,38.83
985,35.56,34.26,38.78,33.57,35.81,30.17,34.16,37.68,37.96,36.56
1032,35.2,34.56,38.84,34.72,34.22,31.88,32.51,38.11,38.99,36.58
971,34.16,33.52,40.79,36.07,35.05,31.47,32.81,38.62,37.77,37.51
983,35.22,33.92,41.43,39.52,35.04,32.55,33.74,39.01,37.81,39.62
1105,38.44,35.25,40.51,38.76,33.44,32.83,34.34,37.58,36.73,41.07
1064,36.78,34.92,39.77,39.47,32.24,33.49,32.72,39.01,35.87,41.62
1193,38.13,33.11,41.24,40.49,34.36,34.6,33.59,36.92,36.53,41.55
1191,39.95,34.01,39.65,38.53,33.56,35.67,33.19,37.35,35.84,40.4
1135,39.3,34.74,39.86,39.35,34.4,33.35,35.68,36.95,37.71,40.38
1115,41.1,34.9,38.9,40.07,31.93,34.25,34.99,35.69,36.68,39.4
1115,40.84,34.22,40.79,41.12,30.79,33.38,34.96,35.51,38.64,38.96
1196,40.44,34.0,40.36,41.08,30.07,34.54,34.56,37.13,36.93,38.87
1230,41.98,34.53,40.48,39.17,29.27,34.95,35.05,37.81,37.93,38.44
1209,42.47,35.25,40.97,38.73,27.24,35.11,35.61,39.28,36.45,38.08
1201,40.63,36.64,42.27,39.04,26.01,37.42,35.62,37.3,35.17,38.04
1186,39.8,38.53,41.1,40.18,25.93,36.8,36.16,37.88,36.38,37.13
1270,39.39,37.63,38.56,40.87,25.77,37.24,34.87,36.67,38.02,36.3
1322,41.14,36.26,39.47,39.86,27.04,36.64,35.27,35.37,37.96,36.41
1407,42.6,36.17,39.99,40.08,26.75,36.84,34.67,33.93,38.26,35.73
1488,40.04,35.27,41.35,40.02,28.01,38.56,36.03,32.96,36.76,34.27
1494,38.62,35.41,39.97,40.27,27.69,40.01,35.88,32.96,37.26,35.17
1568,39.84,34.37,39.62,38.48,27.33,39.95,36.67,32.08,37.35,35.23
1703,40.36,37.03,39.0,36.92,27.27,40.97,37.72,32.79,38.19,34.48
1576,38.47,36.93,38.35,36.42,28.85,38.63,37.4,33.43,36.61,33.05
1517,36.2,35.3,37.83,36.84,30.4,37.5,37.11,34.21,36.1,32.79
1522,36.61,37.77,38.45,35.84,31.2,38.58,37.41,33.58,36.84,31.34
1461,35.91,38.91,37.08,35.07,29.83,40.86,38.35,34.91,37.12,30.57
1437,34.7,38.08,37.66,36.38,32.23,39.5,37.09,35.16,38.27,30.8
1499,35.37,38.0,38.25,36.74,31.02,41.68,35.11,34.41,36.82,32.07
1538,35.54,35.95,38.44,36.57,30.96,41.46,35.73,34.89,35.6,33.71
1466,34.16,37.98,37.78,35.45,32.45,42.66,35.74,34.76,33.0,32.98
1499,33.02,39.07,37.6,36.69,31.32,41.41,35.56,33.89,34.12,32.2
1559,33.03,39.38,35.99,37.68,33.35,40.3,35.69,33.31,34.34,33.05
1627,31.89,38.54,35.76,38.63,35.66,39.34,34.7,32.66,33.79,34.79
1631,32.8,37.45,35.55,38.01,36.55,39.38,34.22,32.5,34.11,35.84
1502,32.51,35.93,35.89,36.07,37.83,39.73,33.75,34.02,33.45,36.78
1478,33.88,37.27,36.17,35.95,38.18,38.78,36.48,34.83,32.81,36.33
1404,33.08,35.99,37.08,37.58,37.66,39.74,35.59,35.78,33.66,35.42
1339,31.39,35.13,34.47,38.72,36.08,39.72,34.12,35.79,34.03,35.02
1350,33.11,35.19,34.34,40.34,37.21,38.88,34.78,35.69,34.58,36.37
1378,33.07,36.41,35.06,39.03,38.16,37.61,33.59,38.47,33.23,35.83
1328,30.8,36.72,34.67,39.14,37.42,36.85,35.38,39.4,34.12,35.44
1382,31.09,35.12,32.34,39.22,37.6,35.21,34.1,39.42,34.5,36.37
1445,31.35,34.32,34.85,38.76,36.82,36.51,33.92,39.26,35.88,36.96
1324,32.75,34.3,35.11,38.23,37.15,37.42,35.15,39.36,36.96,36.12
1378,32.32,32.68,34.49,38.79,37.7,37.25,34.93,39.76,37.44,37.48
1437,32.02,31.04,34.71,39.42,36.72,35.53,33.48,40.01,37.95,36.63
1363,32.61,31.66,35.05,39.13,34.8,34.54,32.7,40.09,36.86,37.12
1367,33.31,31.58,34.42,36.43,34.87,34.26,31.78,40.71,35.82,38.6
1324,32.6,32.38,35.29,35.68,35.51,33.21,31.17,40.16,36.4,38.17
1355,32.91,31.25,36.17,35.24,35.3,33.16,31.72,39.84,37.03,37.24
1303,35.79,30.47,36.44,34.76,38.27,34.65,32.52,39.34,36.55,39.24
1261,34.87,30.55,37.05,34.56,37.57,36.0,32.26,39.18,34.74,39.44
1306,33.9,29.46,37.0,33.19,36.79,37.06,32.98,38.0,36.08,38.45
1333,33.62,30.54,35.94,32.68,36.5,37.09,34.61,37.99,36.32,36.83
1390,35.21,29.25,36.41,32.12,36.07,38.55,33.84,35.87,36.15,36.65
1454,34.64,27.59,37.25,31.32,36.4,39.25,33.87,36.5,35.73,36.69
1475,34.98,29.67,34.88,30.62,35.98,39.15,34.95,36.17,33.77,36.77
1428,35.1,29.73,34.79,28.42,36.66,38.05,35.0,36.75,33.17,36.98
1353,34.67,29.42,34.25,27.8,34.14,37.92,33.6,35.76,33.1,38.74
1329,32.95,27.44,36.07,28.72,34.68,37.84,34.65,32.55,34.39,39.35
1293,33.5,29.15,35.28,30.2,36.08,37.1,34.79,31.96,33.75,39.54
1229,31.91,28.38,35.83,30.59,36.89,37.33,32.97,32.44,33.1,38.61
1228,32.27,28.11,34.76,32.07,36.16,37.51,34.94,32.31,31.36,38.14
1148,32.34,29.47,35.04,33.99,34.59,37.14,33.89,32.9,29.85,37.24
1075,33.34,30.05,34.54,32.61,34.48,36.77,34.93,33.11,30.6,36.74
1183,33.48,33.14,34.65,30.83,36.94,37.21,33.98,32.15,30.57,36.12
1202,33.19,34.15,35.02,30.19,37.15,39.34,36.17,32.64,31.09,33.8
1195,33.13,34.38,36.19,32.11,37.31,39.41,36.25,32.62,33.46,31.61
1209,33.46,34.67,36.06,32.55,37.41,39.71,35.44,32.87,34.33,32.27
1234,34.96,34.97,34.99,32.33,37.12,39.04,34.63,32.4,34.33,34.36
1341,33.02,37.33,35.4,33.62,35.72,39.34,34.4,34.6,37.04,32.57
1392,33.31,36.54,36.89,33.28,36.27,38.74,34.47,34.5,37.54,31.5
1427,34.39,38.72,37.93,33.68,36.45,37.56,33.18,34.17,38.29,30.46
1397,35.66,38.74,36.88,34.78,36.51,36.94,32.69,34.72,38.27,31.57
1328,34.85,39.88,36.57,34.94,34.37,36.4,34.14,36.6,38.21,30.65
1375,34.87,40.35,36.46,35.21,33.45,36.92,31.92,35.75,38.23,31.3
1434,34.55,41.34,36.23,35.72,33.92,35.75,32.54,36.19,39.44,30.9
1412,35.6,42.18,38.3,36.54,35.9,35.23,35.19,36.76,40.19,31.4
1407,35.93,41.48,37.56,34.72,36.78,34.83,35.71,38.48,39.63,29.26
1524,37.6,42.06,35.82,34.41,35.94,36.27,34.97,39.82,40.96,29.8
1634,37.25,41.25,36.83,35.12,37.61,37.0,33.47,39.16,40.87,29.83
1769,37.99,41.21,37.44,34.91,38.44,35.88,35.23,37.12,42.1,29.89
1787,38.07,41.6,35.99,33.46,37.63,35.86,33.78,37.57,43.18,31.93
1892,36.25,40.56,35.42,31.61,37.52,35.8,34.1,38.19,45.36,31.5
1782,35.67,39.28,35.11,32.96,38.12,35.58,33.65,36.21,45.05,31.29
1695,35.49,38.34,34.79,34.33,37.49,35.72,34.37,35.43,44.73,33.5
1682,37.26,37.04,33.64,33.68,37.0,35.94,34.12,36.71,45.14,35.41
1581,35.52,36.2,33.35,33.96,37.05,33.69,33.75,36.4,44.18,35.27
1617,34.07,35.48,33.1,34.53,37.23,34.76,35.05,38.17,43.93,35.6
1537,33.35,35.46,33.78,34.19,39.53,34.13,34.64,39.02,45.86,33.84
1417,32.68,34.08,33.47,31.7,39.36,33.32,34.21,36.65,43.51,34.53
1369,32.47,32.93,32.03,32.69,39.84,32.5,34.15,35.61,44.07,34.93
1345,32.48,32.44,30.99,32.58,39.53,32.7,36.06,36.43,42.93,35.62
1474,31.64,31.54,31.91,30.64,39.9,32.68,34.94,34.95,42.27,34.76
1377,32.37,31.74,33.01,29.9,43.32,32.19,33.71,34.38,42.2,35.57
1305,30.76,32.33,31.75,28.98,44.4,31.4,35.57,35.33,40.65,35.02
1307,31.91,30.62,31.45,27.5,46.33,30.75,34.88,35.73,40.41,35.56
1334,32.1,30.88,30.36,27.89,45.44,31.52,32.56,36.67,38.44,36.11
1255,32.32,32.23,31.78,27.35,44.31,31.76,32.93,35.62,38.99,36.93
1204,31.08,32.74,32.19,27.09,42.43,30.43,32.88,35.2,39.02,36.91
1100,32.17,32.92,32.93,26.28,39.13,30.9,32.33,35.71,38.62,37.39
1172,32.79,33.22,32.34,26.25,37.73,32.47,32.65,36.45,38.59,37.47
1164,32.64,34.19,34.29,25.36,39.43,32.45,32.42,36.45,38.48,35.78
1178,33.03,35.2,34.68,23.7,40.83,33.66,31.85,34.14,37.91,37.18
1162,33.1,35.49,35.47,24.89,41.02,33.05,32.21,36.04,36.65,38.03
1169,34.46,35.43,36.77,25.26,40.88,31.94,31.33,36.52,35.66,37.56
1271,33.55,34.71,36.94,26.43,40.24,32.16,31.25,34.22,34.85,36.63
1251,34.17,33.99,35.84,26.9,39.75,34.29,30.4,35.15,34.33,37.94
1242,35.34,34.88,35.3,26.47,39.83,33.29,30.63,33.84,34.2,37.63
1341,35.03,34.75,35.14,26.64,38.21,35.42,31.49,33.1,31.59,39.01
1433,35.41,35.87,34.26,25.46,38.75,34.79,31.32,32.42,30.78,36.76
1417,35.21,38.01,33.95,25.17,38.81,34.91,30.44,32.79,29.64,37.97
1389,35.86,38.08,33.94,24.76,37.81,34.91,29.58,32.6,30.02,38.04
1380,36.68,38.43,33.96,25.69,38.28,35.05,30.04,32.81,30.12,38.27
1476,35.59,38.88,33.02,27.09,37.37,33.66,30.03,33.96,29.9,37.31
1501,37.59,38.69,33.93,27.31,37.57,32.24,28.27,33.08,32.07,38.25
1493,34.8,38.52,35.0,27.51,34.93,33.39,26.87,33.31,31.89,38.02
1438,34.77,39.02,35.1,27.63,34.44,32.82,28.5,30.97,32.69,36.62
1403,34.84,37.73,34.1,29.14,35.77,32.52,27.12,32.23,33.82,35.24
1365,35.0,37.61,32.1,28.82,37.06,34.37,27.39,31.62,32.15,34.79
1249,35.22,37.68,30.43,28.8,37.7,34.47,27.23,32.42,31.37,33.58
1209,35.0,36.73,31.42,28.26,37.98,33.7,26.51,31.39,29.77,34.37
1240,35.85,35.64,30.28,28.01,37.82,34.26,26.1,31.5,29.65,34.78
1231,34.95,35.31,30.44,30.2,37.98,33.56,27.84,32.0,30.45,37.27
1301,33.31,34.77,31.07,30.32,36.21,33.61,28.08,32.08,30.82,36.51
1290,31.03,35.7,29.78,29.25,36.14,35.23,28.94,32.48,32.17,36.34
1355,29.39,36.14,29.76,28.31,36.88,34.53,29.14,32.94,33.53,37.88
1345,29.35,37.0,30.43,28.3,38.62,33.78,29.47,31.21,33.36,37.04
1318,28.43,37.85,32.01,26.86,38.01,34.76,28.81,32.4,32.16,35.67
1337,28.06,39.29,32.69,26.78,39.22,32.6,28.19,33.79,33.47,35.07
1307,28.32,38.95,33.83,29.43,37.46,34.21,27.98,34.74,33.41,36.04
1256,28.82,38.05,33.15,28.71,36.71,36.01,28.69,36.15,34.63,36.68
1264,28.54,37.3,33.74,29.35,37.48,37.44,28.53,35.77,35.75,37.58
1195,26.88,36.95,32.14,29.22,36.54,36.01,28.48,36.47,35.67,38.76
1286,26.61,36.25,33.99,30.36,35.56,37.11,28.16,36.8,37.1,40.1
1218,25.36,33.98,34.95,30.3,34.91,38.63,29.94,36.91,36.59,39.72
1224,27.38,34.36,35.93,30.11,35.45,38.16,30.95,37.13,37.25,41.68
1273,25.74,33.22,37.22,29.09,35.02,38.6,29.93,39.25,36.44,41.66
1344,27.27,34.54,37.64,29.74,35.12,38.52,29.58,38.03,35.05,42.95
1379,26.47,32.29,38.34,31.09,37.26,37.13,30.21,38.21,36.32,41.92
1436,25.65,32.78,37.94,30.7,38.83,36.4,30.36,38.06,36.69,42.32
1502,27.11,35.11,39.35,31.37,38.95,35.74,30.04,38.82,36.8,41.92
1616,26.31,35.76,39.81,31.75,38.47,34.78,30.78,38.53,36.89,40.67
1616,26.65,35.09,38.74,32.19,37.73,33.56,28.76,38.81,36.97,38.45
1546,28.14,35.0,37.27,30.34,36.41,34.34,28.84,39.25,35.93,39.46
1484,29.24,32.66,37.39,33.19,38.02,32.02,29.58,39.66,36.02,38.57
1493,30.06,33.58,37.85,33.43,38.87,32.34,30.11,38.83,35.61,37.85
1458,29.72,33.56,39.55,33.47,37.5,32.45,31.29,39.35,36.2,37.95
1335,32.5,32.26,39.12,33.48,37.03,31.69,31.32,37.47,37.63,38.36
1453,34.2,30.42,38.18,33.82,36.53,31.32,30.92,36.02,37.37,38.7
1407,35.26,30.0,37.58,32.19,37.36,29.65,32.04,34.64,37.97,40.07
1428,35.16,30.32,38.31,33.36,37.1,28.08,31.93,34.77,37.55,38.61
1465,35.29,30.0,36.45,33.33,36.82,26.08,31.29,34.94,36.02,38.5
1463,36.56,30.61,39.25,33.29,37.9,27.1,32.24,36.14,36.34,35.87
1497,37.68,30.45,38.68,30.83,38.56,28.64,32.16,35.29,34.72,35.28
1567,36.96,31.59,37.37,31.87,38.46,30.17,31.94,34.91,34.2,35.15
1538,37.21,32.69,36.9,32.52,38.27,30.88,32.44,33.12,34.25,33.47
1606,38.17,34.23,37.23,31.98,38.4,31.46,31.4,31.12,36.07,34.62
1549,36.71,34.04,34.86,30.96,37.65,31.48,31.64,30.91,36.43,35.45
1486,37.87,35.37,36.28,29.07,36.19,31.83,31.74,31.49,35.86,38.49
1411,38.21,35.46,37.43,28.27,35.58,31.95,32.52,31.2,35.25,38.89
1408,35.79,35.19,35.87,27.71,35.09,31.72,34.14,30.3,35.69,39.76
1455,35.88,34.97,35.75,28.05,35.33,32.77,36.11,30.01,36.55,41.53
1404,36.49,35.64,37.63,27.18,35.84,34.57,36.09,30.82,34.41,41.87
1430,36.81,36.48,37.8,27.97,36.9,35.1,34.53,29.7,35.41,42.47
1462,37.62,36.96,38.5,27.04,35.14,35.98,35.26,29.82,35.41,43.65
1501,36.6,35.62,38.71,28.6,33.65,36.3,36.1,30.65,35.25,43.52
1568,36.53,36.55,39.09,27.72,35.02,37.58,36.9,32.26,34.32,42.85
1585,34.68,36.84,38.86,28.6,34.74,38.79,36.43,32.61,33.41,42.11
1586,34.26,36.43,39.0,29.32,34.79,41.52,36.02,31.66,31.74,43.22
1608,34.71,37.23,38.74,30.43,34.03,41.54,35.82,32.58,30.83,41.56
1573,34.83,37.07,39.27,29.45,33.43,42.09,34.48,32.96,30.8,41.16
1472,34.17,37.52,39.91,29.0,33.46,43.94,35.36,32.88,32.35,40.57
1495,33.66,37.75,39.22,29.17,32.44,44.0,33.1,31.54,31.6,41.84
1548,33.93,36.66,39.04,31.36,32.79,42.99,34.35,31.09,32.67,41.91
1623,34.22,38.54,39.51,30.39,32.57,40.46,33.47,31.25,32.94,41.6
1541,34.77,36.54,39.22,31.73,33.95,39.87,32.33,30.93,32.15,41.23
1550,35.67,34.73,36.42,33.32,34.45,38.71,33.75,30.84,31.77,40.47
1583,36.34,35.26,37.91,33.74,35.36,39.64,34.01,32.48,31.11,39.26
1568,36.45,35.06,36.73,35.14,34.76,38.78,33.28,32.66,29.59,36.78
1563,36.45,34.36,38.89,35.25,35.43,39.47,32.01,31.66,30.27,36.52
1574,37.64,31.45,37.01,36.42,35.29,40.33,30.04,33.11,30.23,36.44
1622,37.47,30.8,37.51,35.05,35.89,37.51,27.84,33.88,30.35,34.97
1675,38.77,31.05,36.54,36.08,38.05,36.09,29.26,32.09,31.3,34.14
1625,37.27,30.12,36.0,37.42,38.54,35.69,31.4,33.61,31.64,33.32
1626,36.75,30.85,35.0,36.13,39.35,36.2,29.27,32.25,31.02,32.29
1692,37.18,30.81,34.48,34.12,40.17,35.73,27.29,31.53,29.62,32.37
1577,37.39,29.16,33.57,34.73,39.31,35.23,27.29,30.4,29.01,33.63
1598,38.35,30.2,32.74,36.51,40.71,33.53,26.72,30.91,28.39,36.86
1580,38.24,30.7,32.61,36.86,39.94,32.37,27.59,33.42,30.06,35.37
1523,37.36,30.24,34.29,35.72,41.44,31.98,26.97,33.39,30.68,36.21
1613,37.81,29.05,33.97,37.59,41.95,30.91,27.91,31.74,31.13,37.47
1606,36.61,28.73,34.89,39.51,42.45,30.53,27.28,32.01,30.64,38.16
1594,36.23,28.7,35.47,40.36,43.01,31.45,28.64,32.3,31.36,38.86
1472,35.44,30.7,36.31,38.86,41.45,30.56,28.06,31.91,30.38,38.43
1541,36.95,29.18,36.04,38.56,42.32,31.97,30.19,31.87,29.73,38.0
1528,36.83,28.88,34.93,37.15,42.59,31.69,31.27,33.02,31.15,37.84
1495,35.78,30.66,35.94,37.19,41.73,32.62,29.65,35.19,30.82,38.47
1480,35.88,30.36,35.09,38.55,42.5,30.99,29.03,35.24,31.47,38.33
1409,35.63,30.72,35.69,38.94,42.08,33.41,29.24,35.53,32.52,38.93
1350,35.96,31.56,33.93,39.12,41.6,32.52,30.49,35.73,33.49,36.68
1418,34.55,32.12,34.81,38.19,42.17,33.1,30.95,35.27,34.41,36.12
1369,33.84,32.91,33.23,38.46,41.35,34.68,31.33,34.92,34.33,36.04
1352,32.08,32.33,32.91,36.9,39.04,35.66,31.26,36.84,33.76,36.34
1314,33.1,33.0,33.44,35.48,39.91,35.63,29.49,36.42,33.06,34.32
1171,34.08,32.67,33.57,35.56,39.05,34.79,30.89,36.69,33.85,35.68
1213,33.81,33.88,33.28,36.7,39.59,33.96,33.0,36.53,33.65,37.62
1321,32.72,35.6,32.81,35.57,39.6,33.4,30.54,37.2,34.84,36.13
1290,31.51,35.07,33.54,33.98,38.8,33.19,31.04,38.02,34.25,33.28
1303,30.97,34.15,33.26,33.11,36.88,33.07,30.74,37.87,33.48,35.01
1197,29.75,33.02,30.54,35.1,36.31,32.29,31.92,38.15,32.97,35.0
1243,27.6,34.26,32.0,34.91,37.35,32.02,31.9,38.81,32.73,34.35
1220,29.39,34.11,31.33,32.36,38.1,31.23,33.62,39.97,32.58,34.45
1322,30.13,33.83,31.16,32.63,38.9,30.69,33.86,40.16,32.53,35.09
1208,29.91,33.48,28.19,32.8,39.16,31.48,33.47,41.04,34.15,35.52
1238,28.55,34.14,27.71,34.65,39.09,30.97,30.91,41.95,34.16,37.35
1163,27.79,35.66,28.85,35.25,37.96,30.61,30.17,41.42,33.6,37.03
1249,28.19,33.02,30.97,34.09,39.5,30.31,30.96,40.16,34.04,36.51
1221,27.28,32.73,32.5,33.33,38.29,30.53,31.18,39.17,33.52,37.33
1139,28.42,33.61,32.9,32.23,37.69,29.89,31.0,37.52,33.05,36.08
1088,27.9,32.41,33.23,35.36,37.48,30.62,30.35,37.56,31.18,38.1
1045,27.67,35.1,32.93,35.7,36.68,28.37,29.83,37.97,29.81,38.54
1138,29.29,34.11,33.78,36.8,37.47,27.84,30.81,38.37,28.98,39.25
1191,29.95,34.77,34.07,38.03,38.03,29.51,29.62,38.88,30.38,38.74
1301,30.64,36.03,33.99,40.21,37.82,29.97,30.15,39.31,31.33,38.89
1247,29.93,36.07,32.74,39.71,37.86,29.99,30.15,39.77,30.12,38.24
1183,31.62,35.58,33.38,38.77,37.03,29.53,28.61,40.11,30.54,36.75
1148,34.28,35.0,32.58,40.13,36.29,29.67,30.35,40.03,30.43,37.12
1209,34.78,33.66,31.7,40.75,37.25,30.26,31.74,38.58,32.07,36.17
1232,35.78,33.0,33.26,41.92,39.18,31.44,32.97,38.68,32.28,35.21
1141,37.0,34.73,34.95,39.84,39.75,32.33,31.72,41.19,34.26,34.54
1153,37.65,34.54,34.32,38.19,39.11,33.03,32.87,42.56,33.29,35.25
1082,37.0,34.39,34.53,38.92,38.41,34.23,31.43,41.95,33.25,34.28
1176,37.67,33.78,32.86,39.87,35.89,34.16,31.85,43.41,33.16,33.72
1149,38.6,33.35,33.98,40.16,36.45,34.33,32.53,40.87,33.0,34.28
1193,38.93,32.79,35.85,39.56,35.62,33.56,34.12,40.36,34.53,33.93
1172,39.26,31.13,37.22,37.33,37.25,35.0,33.75,39.85,34.72,34.63
1145,39.06,33.13,35.3,38.08,37.51,33.98,33.59,40.45,32.47,34.08
1259,39.94,32.24,34.15,37.46,37.32,35.53,34.44,40.79,32.88,32.7
1205,37.96,32.46,33.71,37.13,39.01,33.28,35.17,41.42,32.78,35.6
1259,37.95,33.85,34.18,36.09,39.41,34.54,36.32,41.91,34.02,36.26
1239,38.28,31.08,35.39,35.42,40.95,36.05,35.21,42.69,33.28,36.14
1268,38.45,31.3,35.4,35.62,40.62,36.22,33.52,43.29,32.75,35.0
1274,38.75,31.19,34.21,35.02,39.89,34.36,34.35,40.92,31.22,34.38
1315,36.73,29.09,34.38,33.05,40.27,36.14,34.61,39.8,29.89,36.22
1252,36.22,28.9,36.66,33.74,39.66,35.82,33.43,40.18,29.93,35.79
1271,34.55,28.57,37.42,34.75,40.15,37.79,32.49,40.68,31.42,35.57
1226,34.29,28.6,38.35,34.48,41.97,39.24,33.78,38.4,31.6,36.97
1302,32.88,28.52,38.23,32.93,41.0,38.93,33.63,39.32,31.18,40.02
1331,31.75,30.84,37.65,33.64,41.21,38.37,32.52,37.64,31.77,40.01
1263,31.51,29.32,37.77,33.94,39.62,39.1,33.26,35.6,30.83,42.36
1290,32.75,30.11,36.73,35.22,39.13,39.96,32.98,35.89,32.57,40.61
1192,34.06,31.21,36.54,35.11,38.06,38.84,33.3,34.92,33.11,40.57
1314,33.64,32.47,39.11,33.38,38.64,36.47,33.3,33.12,33.39,38.7
1369,33.54,32.22,39.49,33.36,39.16,37.04,31.77,35.83,31.87,39.71
1327,33.33,32.33,38.53,33.48,38.79,38.06,30.13,36.82,31.08,39.19
1333,33.46,34.79,36.96,35.85,38.19,37.21,29.3,38.0,30.28,40.19
1225,33.43,33.51,37.2,36.17,37.52,38.54,29.55,35.47,30.96,40.6
1344,32.38,33.26,38.08,35.41,38.77,36.22,29.31,36.16,30.58,41.91
1389,34.21,33.08,37.26,37.12,38.22,37.78,30.03,37.7,31.28,40.15
1362,32.89,32.01,36.47,35.01,37.59,38.42,29.07,38.83,30.44,40.09
1238,32.59,33.75,36.59,35.81,35.85,38.81,31.2,37.3,31.49,39.1
1259,30.85,34.85,37.38,35.49,36.79,39.76,31.89,37.51,31.9,38.95
1318,31.03,35.26,37.98,35.75,35.87,40.59,30.96,39.39,32.64,40.43
1432,31.4,35.14,36.54,35.81,35.02,37.99,31.94,38.93,33.51,37.7
1508,32.0,35.64,35.55,34.7,35.66,38.61,33.56,39.6,33.66,37.55
1540,32.8,37.28,35.09,34.43,34.62,37.36,34.86,39.13,34.02,37.38
1433,31.73,38.46,34.8,34.38,32.62,35.81,35.5,40.62,35.09,35.32
1465,33.19,39.42,35.27,35.5,32.29,37.72,35.21,39.62,36.14,33.46
1502,32.54,37.77,34.74,34.48,31.99,37.09,34.03,39.4,36.11,32.93
1505,32.93,37.36,33.8,34.21,33.14,35.47,34.27,38.53,35.53,30.61
1629,33.67,37.49,33.33,33.4,33.11,34.06,34.33,38.08,33.98,30.78
1635,34.2,35.62,34.31,34.58,33.44,35.42,33.44,37.91,32.91,30.89
1544,33.04,33.68,33.78,35.75,33.67,36.55,33.44,37.64,33.32,31.5
1501,33.48,32.7,32.69,36.26,32.61,36.17,34.22,37.25,35.63,29.73
1537,33.56,32.03,32.92,37.37,33.26,36.23,35.36,35.7,36.32,28.98
1651,33.97,31.14,34.03,36.69,32.37,36.02,37.37,35.23,36.7,27.75
1608,34.98,32.25,32.09,36.46,32.18,35.53,38.82,36.78,37.67,27.73
1585,35.72,32.39,33.01,37.29,31.11,36.12,37.63,36.17,37.53,27.36
1583,35.69,31.97,34.18,36.85,31.81,35.71,36.07,35.15,38.59,28.14
1632,36.98,33.71,34.33,37.31,31.75,34.81,35.42,33.04,38.21,28.2
1518,37.18,34.28,33.53,37.59,31.46,35.24,36.68,33.47,39.39,29.84
1475,38.06,32.75,33.57,38.0,28.93,34.61,35.1,32.91,40.83,30.79
1375,37.88,31.84,33.64,38.1,28.71,32.47,37.07,31.88,41.71,30.52
1408,40.02,32.8,35.56,37.28,30.08,30.84,36.93,33.66,41.54,32.85
1349,39.56,33.12,35.82,36.52,29.88,31.4,36.71,32.37,41.89,33.36
1413,38.81,31.1,35.32,36.64,30.71,31.48,36.4,32.69,40.56,33.96
1392,39.47,30.62,34.66,38.05,30.9,31.21,34.6,33.29,39.21,34.66
1398,39.08,31.1,35.32,38.51,31.95,28.83,34.88,35.59,37.55,35.51
1420,39.74,31.01,35.65,37.72,33.26,28.35,36.43,36.89,39.0,36.79
1285,39.12,31.66,35.93,38.67,32.68,28.64,35.67,36.75,39.48,37.85
1285,37.91,31.48,36.6,40.58,32.22,30.77,35.63,34.35,39.51,39.15
1301,35.63,31.29,35.33,39.14,33.35,30.14,36.22,35.31,38.26,38.89
1307,36.29,32.07,36.06,37.76,33.0,30.65,36.16,36.17,39.11,40.23
1361,35.68,33.5,37.17,37.08,33.4,30.19,36.82,36.54,39.26,41.81
1344,36.98,32.62,37.06,36.05,33.23,29.1,36.77,37.11,38.61,42.55
1395,35.91,31.63,36.69,37.35,33.08,29.98,34.51,38.69,38.78,43.28
1285,35.34,30.12,38.29,38.57,34.33,29.48,33.44,37.99,38.91,44.11
1361,35.26,30.77,38.61,37.6,34.04,31.96,34.48,38.29,37.54,44.86
1385,35.22,31.47,38.3,38.58,33.42,32.4,34.08,38.99,36.16,45.07
1443,35.12,29.8,37.64,39.22,35.4,30.71,35.21,39.95,36.17,44.75
1481,36.29,28.77,37.65,38.56,36.56,29.85,33.11,40.54,35.05,42.96
1571,36.11,29.95,36.95,38.39,37.33,31.13,35.42,38.82,34.96,42.01
1579,36.0,31.36,37.8,38.06,38.57,32.76,35.64,38.4,33.53,40.61
1608,34.77,31.72,36.39,38.4,37.38,34.58,34.9,36.03,33.44,41.03
1554,35.39,31.37,37.16,40.47,37.15,33.38,33.68,35.19,33.42,39.95
1629,36.14,31.48,35.95,40.06,37.27,34.17,34.16,33.89,33.93,39.25
1542,34.97,30.97,36.61,39.92,38.11,34.04,34.9,33.38,34.04,39.32
1536,35.53,31.17,37.04,38.1,38.21,34.86,32.94,32.54,35.43,40.57
1648,34.58,31.85,35.85,38.69,36.67,35.3,33.92,32.3,34.24,38.46
1563,34.77,31.65,34.72,37.87,36.81,35.89,32.86,32.85,33.73,38.87
1588,34.19,31.93,36.14,35.93,37.23,34.31,33.02,34.76,34.33,38.77
1660,34.66,34.28,36.97,36.92,37.07,34.81,33.19,34.2,36.08,38.24
1695,34.2,34.3,34.74,37.96,38.44,35.67,33.59,33.34,33.61,36.35
1684,32.3,34.43,33.85,37.71,39.56,35.05,34.26,31.43,30.71,35.14
1674,31.28,35.51,33.33,36.65,39.72,35.27,33.9,31.24,31.01,35.32
1771,32.45,36.79,33.42,36.81,40.28,36.34,35.38,30.86,30.74,35.06
1734,32.56,37.54,33.55,35.44,37.92,38.76,35.25,31.01,31.45,34.65
1792,32.34,38.59,32.92,37.14,38.01,38.04,34.18,30.54,33.09,33.99
1835,31.76,38.4,32.72,35.52,39.2,37.78,35.0,27.84,32.45,33.59
1754,32.54,38.26,33.26,34.2,37.68,38.91,35.53,28.05,33.31,34.21
1694,32.88,39.12,34.4,33.24,38.31,38.62,36.88,27.64,33.87,33.47
1620,32.93,38.93,33.73,34.03,39.1,38.78,36.79,28.19,31.81,34.32
1644,32.82,37.83,34.36,35.1,37.58,38.73,35.94,29.8,33.21,34.05
1691,32.11,39.55,35.57,36.5,38.51,37.31,36.35,30.65,33.07,32.19
1560,33.24,40.47,34.22,36.31,39.21,39.25,36.1,31.68,32.95,33.09
1624,33.52,41.4,35.57,36.63,37.42,38.98,35.22,32.66,32.08,34.14
1541,35.08,41.36,35.72,36.61,36.25,38.33,33.99,33.31,31.91,33.48
1461,35.17,41.2,36.44,37.55,37.21,38.78,34.71,33.24,31.06,32.04
1455,36.66,39.94,36.56,36.41,37.25,39.46,32.7,33.12,31.09,32.13
1415,36.35,39.46,38.49,37.37,37.85,41.62,32.6,33.15,31.45,31.19
1325,37.79,38.97,36.53,38.65,37.56,41.54,32.24,33.04,31.59,30.29
1252,37.16,38.36,35.07,38.93,37.29,40.93,33.89,33.4,32.39,32.12
1162,37.72,40.05,35.24,38.04,36.15,41.12,32.74,33.87,34.47,32.53
1112,38.01,39.21,34.93,38.84,35.53,41.71,32.41,34.74,35.84,32.24
1020,37.84,40.66,34.28,40.52,35.29,42.78,32.5,35.55,35.9,30.95
953,37.68,39.19,34.0,38.23,35.06,41.01,32.25,35.49,36.2,30.88
860,39.04,40.04,33.48,39.34,35.74,39.19,31.81,36.03,35.92,31.83
777,38.0,38.8,32.7,38.71,36.57,39.0,33.25,37.13,36.51,31.44
874,37.47,37.63,32.4,38.75,34.79,40.2,33.74,39.1,38.74,30.71
876,36.01,39.03,33.69,39.9,33.56,38.72,32.77,37.76,38.39,28.81
893,35.04,39.26,33.63,41.53,34.12,39.21,32.7,38.07,38.68,27.87
837,35.11,38.06,33.6,41.21,33.96,37.53,31.05,37.64,39.65,28.52
885,34.54,39.48,31.58,40.52,33.25,37.24,31.71,37.01,39.92,30.27
978,35.8,36.77,33.03,39.59,31.57,38.41,30.91,37.52,41.32,31.47
1016,34.5,35.29,33.54,40.43,31.69,37.96,30.19,36.99,43.01,30.12
1117,34.22,35.74,33.01,39.69,33.31,37.58,30.31,38.12,43.83,29.0
1116,33.04,36.09,32.09,39.71,33.13,37.19,30.54,37.65,44.11,30.9
1128,33.52,35.89,31.74,39.8,30.84,36.19,30.5,38.1,44.35,29.44
1124,34.1,37.05,32.28,41.43,31.52,35.7,31.37,39.34,44.92,30.29
1194,34.39,37.25,31.98,40.72,32.37,33.96,33.6,39.43,43.59,30.57
1219,33.59,38.03,32.51,39.95,32.37,35.15,32.69,38.8,43.18,31.67
1332,34.24,37.46,33.18,39.32,31.64,34.46,31.35,37.48,41.81,29.93
1343,33.79,37.18,34.22,39.56,32.38,34.48,31.4,36.13,40.77,28.93
1332,35.59,36.28,34.67,38.32,32.12,33.65,32.15,35.56,41.04,29.1
1389,35.8,34.74,35.98,36.65,32.17,33.72,32.44,34.28,40.69,30.52
1358,35.13,36.18,35.28,39.58,33.02,34.54,31.34,32.81,40.77,31.82
1431,33.39,34.84,37.15,37.48,33.13,34.62,32.57,32.06,40.21,30.68
1432,35.28,34.3,36.86,36.34,32.97,35.09,32.62,31.77,39.05,31.3
1425,36.43,36.46,37.73,35.8,34.23,34.89,32.11,32.37,37.51,31.9
1409,37.95,34.21,37.44,36.41,35.75,33.42,32.11,33.31,38.39,32.51
1481,39.44,34.0,36.83,35.0,35.58,32.37,30.35,33.64,36.76,34.63
1456,39.42,34.37,38.19,36.57,36.0,33.18,31.76,34.23,37.89,34.95
1445,40.43,32.56,38.21,35.2,36.64,31.93,31.71,32.59,38.18,33.91
1433,40.12,33.18,36.13,35.17,37.24,33.23,31.55,33.62,36.8,32.87
1431,40.33,34.74,36.14,34.25,37.01,32.33,32.37,33.79,37.08,34.47
1432,39.88,35.13,36.27,34.94,35.86,31.68,33.76,32.92,36.26,35.06
1414,39.94,35.72,38.51,34.29,37.1,32.73,35.22,33.19,35.34,33.88
1535,39.52,35.56,36.59,34.4,37.93,33.2,34.82,32.06,36.05,36.22
1584,38.9,36.2,36.74,32.35,37.13,32.62,34.31,31.32,34.36,36.24
1557,38.36,35.81,37.11,32.05,35.03,32.19,32.64,31.2,35.02,36.59
1561,38.18,34.51,37.72,33.08,34.72,30.58,33.0,31.78,35.15,35.67
1511,38.88,35.59,38.95,33.96,35.87,31.03,32.83,32.17,33.9,35.33
1584,39.08,34.56,39.65,33.79,35.51,30.76,34.01,33.64,33.33,37.62
1549,39.27,35.46,40.17,34.68,36.41,32.17,32.78,34.91,33.13,37.73
1574,40.02,36.98,39.94,36.53,36.13,31.8,32.81,36.05,33.68,36.51
1593,39.01,36.7,40.22,34.74,35.12,30.74,35.27,36.34,33.06,34.18
1500,38.3,35.98,37.44,35.89,33.32,29.46,34.32,37.08,34.79,35.3
1518,37.74,36.66,37.97,36.69,32.16,28.16,34.46,36.65,35.01,34.58
1481,38.05,34.56,38.4,38.13,31.99,27.76,34.88,36.51,34.52,33.26
1517,36.57,34.09,38.07,38.28,33.24,30.47,34.61,37.53,34.13,32.96
1501,34.93,34.18,37.26,39.62,32.13,31.6,36.3,36.63,35.0,33.82
1493,33.7,34.86,37.18,39.55,31.59,32.1,35.23,38.26,33.99,31.92
1486,34.44,36.44,38.43,40.4,32.79,33.41,34.94,39.3,34.02,32.93
1514,35.09,36.91,38.5,41.08,32.1,33.83,35.34,38.4,34.67,33.8
1591,35.07,36.5,39.05,40.33,31.38,33.16,36.47,38.92,32.31,33.19
1673,36.27,36.48,38.82,40.01,31.03,34.43,35.27,38.73,32.09,35.49
1567,36.08,36.69,37.16,38.07,30.56,34.88,33.68,38.62,32.51,36.23
1499,34.78,35.95,38.45,38.33,30.47,35.05,34.69,38.93,32.4,34.5
1512,34.86,35.08,38.38,39.02,29.04,36.37,35.31,38.38,31.5,35.14
1435,35.95,35.68,38.45,40.25,29.99,35.9,35.45,39.27,31.78,35.14
1458,35.73,36.2,38.58,38.82,30.65,36.49,35.42,39.15,31.46,36.02
1442,35.34,34.66,39.49,37.4,30.86,36.74,35.38,39.3,31.57,37.57
1449,36.09,34.16,38.2,38.54,30.91,38.12,35.29,39.31,31.85,37.02
1557,36.75,33.17,37.86,38.66,29.64,38.26,36.19,37.74,32.4,37.46
1458,36.94,31.91,38.84,37.34,29.16,38.39,36.5,37.8,32.69,39.04
1480,37.94,31.99,39.73,38.4,29.22,39.56,34.85,37.56,32.25,41.31
1495,38.14,32.86,43.02,38.71,30.74,39.65,34.5,39.34,31.49,41.11
1594,37.27,33.16,42.44,39.08,31.38,39.73,34.07,39.07,31.89,41.76
1597,35.23,33.63,40.62,39.46,30.89,38.51,35.13,40.12,32.99,42.33
1624,36.39,33.76,39.05,39.02,28.55,38.3,36.36,39.73,33.84,43.79
1650,37.77,31.43,39.97,39.19,29.26,39.0,36.58,40.58,31.98,43.07
1648,39.53,31.48,39.82,36.36,28.8,38.75,37.44,38.75,32.79,44.25
1577,37.9,31.24,39.23,36.07,28.62,38.1,37.06,39.28,31.67,43.41
1576,36.31,31.76,39.33,34.81,28.34,37.29,36.69,40.09,32.54,44.17
1491,36.32,30.69,38.29,36.38,28.76,37.41,36.73,37.96,35.26,43.57
1493,34.94,31.34,37.8,36.42,31.0,36.62,35.46,37.56,35.48,42.21
1567,35.77,31.6,37.2,38.67,31.0,37.04,36.84,36.75,36.71,41.77
1612,35.18,31.12,36.63,40.29,30.81,36.46,35.39,36.74,36.35,43.15
1698,35.89,30.89,36.96,40.93,32.58,37.25,34.84,35.08,38.66,42.04
1760,36.62,31.85,36.6,40.38,32.59,37.59,35.94,36.33,38.57,43.49
1832,36.82,31.83,35.43,40.16,33.45,38.53,36.81,35.87,39.56,43.25
1884,36.2,32.88,34.93,40.74,32.36,36.93,37.35,35.53,41.03,42.91
1870,35.13,33.05,34.92,38.95,32.97,36.64,37.47,35.67,40.88,42.65
1835,35.28,32.8,34.83,38.16,33.34,35.43,36.94,36.23,39.95,42.29
1924,34.2,32.49,33.91,37.82,35.21,36.35,37.05,35.92,38.63,41.01
1881,33.97,32.04,33.02,36.1,34.95,36.49,37.57,36.3,38.97,39.86
1884,34.38,32.33,29.98,35.11,35.49,38.62,38.05,35.55,38.14,40.47
1768,34.83,32.37,31.47,34.64,37.19,38.51,38.54,34.56,38.59,39.79
1808,34.68,33.47,32.32,34.86,36.76,38.98,36.92,32.65,39.01,40.69
1797,34.6,34.11,33.72,34.57,37.24,39.35,35.9,31.63,38.33,39.78
1729,34.51,35.7,32.17,34.75,36.41,39.21,35.5,30.51,40.91,39.35
1669,31.43,36.35,32.64,34.97,38.31,39.14,34.44,30.25,39.52,39.06
1585,31.86,35.36,33.3,34.81,38.99,39.4,33.45,30.75,39.67,39.61
1574,32.63,35.16,33.37,35.94,38.45,38.88,33.4,29.23,40.26,39.34
1620,31.36,35.87,32.79,36.18,37.17,39.86,32.61,30.7,38.58,41.54
1538,30.65,34.33,33.42,36.83,35.36,39.85,34.63,30.94,39.29,40.3
1430,28.72,33.13,33.43,36.39,34.33,39.22,34.17,30.8,38.36,40.05
1357,29.93,33.93,32.91,35.94,34.2,40.01,34.37,31.43,38.11,40.07
1240,28.37,34.42,32.33,35.46,34.9,37.92,35.45,33.51,37.61,40.43
1124,26.56,33.84,31.37,34.75,35.18,40.02,33.59,32.9,37.68,38.96
1046,26.56,33.02,33.64,36.46,33.62,39.22,32.37,33.28,37.5,37.96
962,28.33,32.09,33.33,35.39,35.47,41.25,31.05,34.59,37.96,38.04
1061,31.59,31.99,33.78,34.21,34.66,39.75,29.89,34.58,39.77,38.23
1004,30.87,32.05,33.27,33.9,32.84,40.47,29.74,35.73,40.73,36.34
1105,29.86,32.72,31.75,33.72,31.41,38.56,30.04,36.82,40.72,37.86
995,29.78,32.63,31.62,34.49,31.76,36.55,29.88,37.21,41.46,37.63
998,29.49,32.81,33.23,35.59,31.94,34.69,29.91,36.86,39.61,35.86
944,29.75,31.71,32.35,34.74,30.68,34.22,30.14,37.33,39.38,36.44
949,31.43,29.72,32.68,32.94,29.36,34.23,31.57,36.77,39.1,35.85
1044,31.74,29.4,31.79,32.42,30.2,33.65,31.94,37.12,38.54,36.17
1133,30.84,29.77,33.58,32.55,30.95,33.37,30.52,37.75,38.92,35.65
1120,32.08,27.87,33.98,34.04,29.28,32.68,32.42,37.62,40.63,35.81
1121,31.32,28.36,32.48,35.33,29.44,31.99,32.03,38.6,41.16,35.82
1091,31.82,28.82,31.2,35.35,31.16,31.94,32.21,38.93,40.02,35.57
1059,34.96,28.8,32.44,35.16,30.68,32.65,31.72,39.12,40.11,34.98
1047,36.1,29.54,32.32,35.03,31.74,32.45,31.08,39.46,38.91,35.52
1105,37.95,29.27,34.2,35.37,31.48,31.44,31.86,39.86,38.68,34.99
1121,39.52,29.82,35.5,34.1,31.48,31.45,34.09,40.28,37.34,34.38
1122,38.84,29.79,34.57,35.25,29.57,32.46,32.41,41.2,37.2,34.64
1223,39.15,28.92,36.78,36.06,27.52,29.69,34.89,39.95,37.58,34.49
1219,39.51,29.02,34.69,34.77,29.14,31.14,34.41,40.17,37.83,34.62
1174,39.07,28.95,32.45,35.28,27.56,31.45,35.01,40.24,38.41,34.61
1190,38.19,29.97,32.83,37.55,27.72,32.15,35.45,39.47,37.46,35.07
1128,38.78,32.02,33.81,37.88,28.8,30.97,35.82,38.69,37.14,36.69
1181,40.0,31.6,36.57,37.84,29.06,31.12,34.85,38.09,37.17,36.85
1264,40.04,31.89,35.99,37.23,29.31,33.23,36.5,37.7,37.44,36.46
1330,41.0,31.93,35.77,35.39,28.55,34.6,36.32,37.93,38.92,37.76
1229,41.33,32.85,35.2,35.73,30.47,35.92,36.35,38.08,37.87,37.4
1245,40.51,33.4,36.11,35.54,31.62,35.98,34.28,38.9,37.77,37.69
1157,41.19,34.75,38.1,35.76,29.59,36.79,34.64,39.13,37.91,37.1
1271,42.07,33.25,37.39,36.8,28.89,36.11,35.65,38.99,35.79,38.49
1296,43.24,33.09,35.62,35.25,27.67,36.38,34.84,40.0,34.12,38.48
1388,45.14,33.94,36.52,32.67,27.36,36.47,35.9,39.01,32.7,38.84
1410,45.7,32.26,38.06,32.64,27.62,36.49,35.73,40.22,32.68,37.95
1412,44.05,32.86,37.96,32.33,27.84,35.31,37.0,39.88,32.87,37.6
1300,43.76,32.28,37.75,31.58,27.86,35.01,35.5,40.31,33.42,37.25
1356,44.15,33.12,36.12,31.02,29.49,36.25,35.0,40.69,33.39,37.05
1356,42.88,31.49,35.23,30.43,29.95,36.89,33.37,37.9,35.32,35.67
1315,44.11,31.95,35.75,30.31,31.17,35.77,34.43,36.37,33.92,35.97
1330,44.33,33.67,34.23,29.75,33.34,38.64,33.15,36.29,34.64,36.65
1327,44.19,35.12,34.18,29.53,31.96,38.11,34.76,36.79,34.11,37.53
1240,43.11,35.47,36.15,32.66,33.51,36.19,35.4,35.49,32.74,37.64
1294,41.61,33.85,35.32,33.47,33.47,35.86,37.05,35.71,32.43,39.48
1351,40.54,33.3,35.32,34.27,32.44,36.43,36.78,35.38,31.63,39.97
1297,41.07,33.23,34.56,36.01,32.95,37.75,36.54,34.13,31.37,37.95
1160,42.26,32.55,34.02,36.36,33.1,36.5,35.33,34.44,31.44,38.4
1301,42.92,34.53,33.41,36.79,33.64,35.37,35.32,33.28,32.44,37.86
1210,42.69,34.67,33.31,36.91,31.72,33.49,35.0,33.01,33.32,39.21
1341,42.4,35.8,32.51,37.66,32.59,35.01,35.6,32.19,34.03,38.94
1253,41.96,35.63,30.27,38.02,34.06,34.57,34.57,32.76,34.59,39.39
1296,42.33,36.11,30.84,35.93,35.22,36.33,34.54,32.95,36.56,38.95
1181,40.92,37.35,32.88,36.92,37.35,36.83,33.71,33.89,36.8,38.22
1236,39.81,36.48,33.51,40.07,37.14,37.31,35.13,33.07,39.06,37.65
1305,38.53,36.02,33.11,39.61,36.06,36.16,37.35,30.59,36.15,37.55
1438,36.95,34.51,33.57,39.36,37.34,36.75,35.53,32.61,35.28,37.72
1443,36.81,33.49,33.38,39.94,37.0,37.29,36.89,32.65,35.91,38.1
1496,36.6,31.9,34.23,40.09,37.14,39.03,36.87,31.7,36.88,39.95
1483,36.65,33.82,34.63,39.07,37.52,38.68,37.81,33.26,37.22,40.78
1501,36.52,33.56,34.3,37.72,38.02,38.22,36.77,32.72,39.13,41.29
1473,36.78,33.37,34.21,38.25,37.75,37.49,35.88,32.36,38.59,41.55
1562,36.88,31.9,34.51,38.03,37.59,35.82,35.53,29.65,37.19,42.65
1455,37.61,31.53,33.37,35.84,35.82,36.12,36.61,31.15,37.91,42.6
1339,37.37,33.38,33.96,35.12,37.54,35.69,34.48,30.96,38.19,39.86
1325,37.33,33.7,35.09,34.15,39.9,36.52,34.53,32.24,39.54,40.17
1446,37.69,32.81,35.04,34.64,38.82,36.05,35.05,32.27,40.61,42.26
1314,36.98,33.08,37.3,35.04,38.84,36.8,34.79,32.56,39.21,42.33
1380,35.8,30.72,39.59,35.22,38.19,37.38,35.59,32.66,37.97,43.77
1356,36.26,32.3,39.84,34.13,37.91,37.92,35.39,32.87,36.01,41.44
1410,35.57,31.08,39.21,34.89,38.54,35.75,35.46,34.24,34.49,42.63
1456,34.79,29.76,41.69,33.97,38.53,37.43,36.16,34.67,33.86,41.61
1469,32.68,29.26,41.2,34.13,36.47,36.32,36.29,34.33,31.97,40.72
1408,33.43,29.83,41.18,33.12,34.8,35.86,38.22,34.58,31.35,39.88
1375,34.96,28.58,41.09,32.41,36.13,36.35,38.23,35.31,29.07,40.01
1244,35.68,29.85,40.59,32.39,37.2,37.57,35.5,36.8,31.23,39.62
1218,37.04,30.43,39.63,32.5,36.87,38.14,36.08,34.42,31.15,39.46
1257,36.52,31.67,40.02,33.05,36.39,38.33,37.14,34.91,30.13,38.16
1270,36.02,33.42,38.1,32.93,37.02,36.6,38.11,37.41,29.58,38.34
1214,37.08,32.82,37.64,35.27,36.22,35.41,37.44,38.44,28.88,39.36
1325,37.48,33.02,39.36,36.67,34.95,36.19,37.9,37.94,28.52,39.39
1338,37.11,32.72,40.72,36.79,35.67,35.75,38.26,37.94,27.82,38.53
1343,36.3,32.88,41.04,37.78,36.08,36.32,37.93,40.39,28.51,38.03
1455,37.55,33.72,40.99,37.22,37.38,38.41,35.98,39.02,26.59,39.25
1479,36.95,33.14,40.85,37.22,36.13,38.53,35.66,39.43,26.15,39.36
1497,38.62,34.47,39.81,38.28,35.01,37.69,34.76,39.02,24.57,38.92
1539,37.68,33.7,39.94,37.18,36.21,37.11,33.32,38.84,23.72,38.06
1571,36.78,33.7,39.34,36.09,36.57,35.35,32.91,38.59,23.4,36.74
1547,36.17,34.02,37.6,37.43,37.22,33.93,31.59,39.11,23.75,33.78
1482,36.68,32.54,37.52,39.66,37.3,35.41,32.34,39.48,25.19,35.88
1453,38.07,32.41,37.58,39.9,35.99,36.9,31.71,38.64,25.81,33.86
1418,38.64,34.24,34.91,40.56,34.65,33.29,30.46,38.45,26.48,34.82
1512,41.02,35.71,34.42,41.85,36.12,33.59,31.02,39.6,28.05,35.14
1575,41.8,36.62,33.49,43.22,36.92,33.2,30.48,38.24,28.07,34.82
1661,40.61,37.71,32.92,42.39,36.86,33.43,29.21,37.83,30.51,33.71
1744,40.64,36.53,33.52,41.76,36.64,34.11,29.79,36.95,30.55,35.07
1768,41.16,36.55,33.81,42.62,38.36,33.31,30.09,37.71,30.81,33.46
1801,42.84,36.96,33.76,41.96,39.14,32.29,28.77,37.16,29.89,33.1
1798,43.36,35.96,35.66,42.73,38.37,33.75,27.14,35.82,28.96,31.96
1748,42.51,35.01,35.06,42.47,38.92,33.66,26.44,34.73,25.97,31.16
1632,41.07,34.08,33.97,41.71,40.56,33.45,27.79,35.65,25.65,30.6
1705,41.71,33.3,32.56,42.02,39.67,33.24,29.91,36.13,26.63,31.11
1726,41.15,32.98,33.12,41.49,39.78,33.73,30.89,35.71,26.81,29.71
1690,38.73,32.78,32.2,42.08,38.62,32.48,33.08,36.3,27.88,28.92
1670,39.99,30.49,31.95,42.05,37.69,30.93,34.3,36.35,27.97,29.43
1731,38.21,29.36,31.73,41.47,37.51,31.8,34.74,36.0,28.28,28.39
1660,39.89,30.05,30.81,41.66,36.99,32.05,36.01,35.26,29.16,29.29
1664,40.74,31.94,31.46,41.28,36.52,33.1,37.33,34.98,30.94,29.42
1702,41.1,32.6,32.06,40.44,34.5,34.27,37.6,35.73,31.12,29.55
1638,39.6,32.11,31.82,40.07,33.92,32.66,37.32,35.62,31.71,29.19
1750,38.67,32.18,31.59,38.42,34.1,31.42,37.72,35.3,33.59,30.22
1673,38.61,31.18,32.74,39.0,33.95,32.95,38.33,33.31,33.3,29.99
1609,37.49,31.83,33.46,37.75,33.32,33.59,38.9,32.04,32.65,30.16
1634,36.9,29.42,32.72,36.22,33.75,33.88,38.2,31.41,34.69,31.44
1583,35.85,30.17,32.93,36.48,33.17,33.48,37.9,30.89,33.41,31.68
1527,36.86,30.97,32.26,38.25,32.8,31.92,37.05,30.6,34.2,30.95
1516,37.52,30.65,31.86,36.96,32.51,31.5,37.57,30.54,32.97,32.45
1580,36.14,29.7,32.44,37.04,32.26,31.28,38.26,29.41,33.3,35.7
1594,34.51,29.34,30.45,36.39,32.52,28.99,39.98,29.69,34.48,36.87
1628,35.12,29.8,31.6,35.51,34.0,29.04,40.98,28.82,36.7,35.05
1642,35.73,29.42,32.28,36.22,32.05,27.94,40.42,28.9,35.81,35.11
1600,35.51,29.22,31.84,34.55,31.67,27.66,38.14,28.01,35.64,34.95
1732,36.89,29.62,30.14,33.94,31.6,27.16,37.91,27.15,34.0,35.34
1683,37.95,30.85,32.34,34.42,32.31,26.75,35.1,26.41,35.56,35.11
1570,38.27,32.95,32.5,33.86,32.38,28.89,34.73,26.86,35.85,34.05
1641,38.59,32.09,33.05,35.74,33.13,26.62,35.31,26.36,35.74,34.57
1665,37.4,33.1,32.19,36.55,32.06,26.11,34.96,29.22,34.65,33.29
1615,36.28,32.01,31.51,38.07,32.0,26.36,33.98,30.18,33.44,35.71
1662,35.65,30.75,30.48,36.99,34.24,27.08,33.44,29.32,33.39,36.3
1571,35.24,30.24,31.23,36.35,34.26,28.84,32.82,29.55,33.81,36.9
1532,35.69,29.53,32.02,36.03,33.28,29.94,32.2,29.64,32.84,36.71
1616,36.16,29.82,33.06,34.0,34.58,30.27,32.68,30.68,33.36,38.37
1639,36.64,29.29,31.83,33.5,36.18,30.71,32.46,30.65,32.61,37.66
1650,36.43,29.84,30.73,34.22,35.4,30.4,33.2,31.17,32.14,36.39
1708,37.89,29.43,31.51,34.14,35.2,31.11,35.24,29.47,30.68,37.39
1677,36.17,30.0,32.24,32.13,35.11,30.72,35.41,30.29,30.12,38.22
1598,34.8,31.31,32.35,32.4,33.95,30.75,35.14,31.05,30.87,37.51
1519,34.97,31.57,32.89,32.07,34.74,31.37,34.9,31.04,30.47,35.16
1588,36.39,32.37,33.92,31.94,34.68,31.28,34.71,31.05,28.68,33.47
1604,34.89,32.64,33.85,32.85,32.74,33.01,35.97,31.08,29.51,35.88
1569,35.35,33.28,34.52,32.52,32.67,34.75,36.66,32.51,30.1,34.57
1568,34.07,34.42,35.45,33.33,33.8,34.57,37.11,33.86,29.72,34.69
1529,32.38,35.18,36.65,33.26,34.69,36.36,36.14,34.67,31.97,32.76
1532,32.71,32.95,36.98,32.16,34.52,34.98,37.35,35.76,31.29,33.19
1525,32.47,33.44,37.79,33.27,35.36,34.09,36.48,35.87,31.13,33.62
1442,30.86,32.39,37.08,30.71,35.1,36.7,35.98,37.47,31.03,34.16
1514,30.47,31.79,38.12,29.89,36.3,37.03,35.37,35.43,31.86,33.18
1561,31.42,31.1,39.15,29.87,36.21,37.86,34.85,36.19,33.97,31.25
1633,32.03,32.87,38.82,30.15,34.62,37.25,36.0,36.93,32.99,31.62
1632,32.48,32.67,39.4,29.67,35.37,37.8,36.56,35.89,33.39,28.87
1541,33.21,33.73,38.66,31.68,36.46,35.24,37.44,36.48,32.21,28.13
1498,33.03,33.93,36.15,32.9,35.4,33.95,38.06,37.03,30.66,25.57
1517,32.55,35.1,37.86,32.13,33.98,33.18,36.99,36.77,30.85,26.67
1491,31.87,35.52,39.76,32.34,34.74,33.64,35.92,36.78,30.06,29.07
1520,31.01,34.56,39.99,32.54,34.19,33.54,34.98,39.05,30.87,29.22
1624,29.83,33.58,40.4,31.82,35.04,34.39,36.27,40.24,30.58,28.92
1677,29.99,32.1,40.31,31.08,35.63,33.9,36.09,39.09,32.91,29.62
1575,30.47,31.18,40.34,31.34,33.16,34.03,35.87,40.57,35.18,29.48
1508,29.2,32.11,40.75,31.24,33.7,33.4,35.68,39.66,36.98,30.46
1509,29.42,31.86,41.38,30.54,34.1,32.65,32.62,41.44,36.78,30.11
